Workbook

Sheet 基础数据
C1: 公式 | E1: 公式 | H1: 公式 | I1: 公式 | K1: 公式 | L1: 公式 | M1: 下拉选项 | O1: 公式 | R1: 公式 | S1: 公式 | T1: 公式 | U1: 公式 | V1: 下拉选项 | W1: 公式
A2: 月份 | B2: 日期 | C2: 周 | D2: 周更改 | E2: 周几 | F2: 大区 | G2: DM | H2: 城市 | I2: 岗位号 | J2: MICS | K2: 入职时长 | L2: 入职时间划分 | M2: 目标患者画像 | N2: 提及次数 | O2: 医院Code | P2: 医院 | Q2: 客户 | R2: 客户类型 | S2: 红绿黑标 | T2: 专业方向 | U2: 科室 | V2: 患者类型 | W2: 预估
A3: 4月 | B3: 46113 | C3: =MONTH(B3)&TEXT(WEEKNUM(B3,2)-WEEKNUM(B3+1-DAY(B3),2)+1,"月第0周") -> 4月第1周 | D3: 4月第1周 | E3: =D3&"--"&"周"&WEEKDAY(B3,2) -> 4月第1周--周3 | F3: 钟君珊 | G3: 郑家成 | H3: =_xlfn.XLOOKUP(O3,匹配表1065!T:T,匹配表1065!W:W) -> 南京市 | I3: =_xlfn.XLOOKUP(O3,匹配表1065!T:T,匹配表1065!X:X) -> PME2006 | J3: 孙娟 | K3: {=_xlfn.XLOOKUP(J3,匹配表1065!Y:Y,匹配表1065!AA:AB)} -> 15 | L3: 3个月以上 | M3: 3、VM | N3: 1 | O3: =_xlfn.XLOOKUP(P3,匹配表1065!U:U,匹配表1065!T:T) -> HO00000965 | P3: 东南大学附属中大医院 | Q3: 耿磊钰 | R3: =_xlfn.XLOOKUP(Q3,匹配表1065!L:L,匹配表1065!O:O) -> A | S3: =IFERROR(_xlfn.XLOOKUP(Q3,匹配表1065!AI:AI,匹配表1065!AJ:AJ),"绿标") -> 绿标 | T3: {=_xlfn.XLOOKUP(Q3,匹配表1065!L:L,匹配表1065!M:N)} -> 头痛 | U3: 神经内科 | V3: 4-7次（中频） | W3: =_xlfn.XLOOKUP(M3,匹配表1065!D:D,匹配表1065!F:F)*N3 -> 12
A4: 4月 | B4: 46113 | C4: =MONTH(B4)&TEXT(WEEKNUM(B4,2)-WEEKNUM(B4+1-DAY(B4),2)+1,"月第0周") -> 4月第1周 | D4: 4月第1周 | E4: =D4&"--"&"周"&WEEKDAY(B4,2) -> 4月第1周--周3 | F4: 钟君珊 | G4: 郑家成 | H4: =_xlfn.XLOOKUP(O4,匹配表1065!T:T,匹配表1065!W:W) -> 南京市 | I4: =_xlfn.XLOOKUP(O4,匹配表1065!T:T,匹配表1065!X:X) -> PME2004 | J4: 杨帆 | K4: {=_xlfn.XLOOKUP(J4,匹配表1065!Y:Y,匹配表1065!AA:AB)} -> 11 | L4: 3个月以上 | M4: 1、中频 | N4: 1 | O4: =_xlfn.XLOOKUP(P4,匹配表1065!U:U,匹配表1065!T:T) -> HO00000972 | P4: 中国人民解放军东部战区总医院 | Q4: 刘玲 | R4: =_xlfn.XLOOKUP(Q4,匹配表1065!L:L,匹配表1065!O:O) -> A | S4: =IFERROR(_xlfn.XLOOKUP(Q4,匹配表1065!AI:AI,匹配表1065!AJ:AJ),"绿标") -> 绿标 | T4: {=_xlfn.XLOOKUP(Q4,匹配表1065!L:L,匹配表1065!M:N)} -> 头痛 | U4: 神经内科 | V4: 4-7次（中频） | W4: =_xlfn.XLOOKUP(M4,匹配表1065!D:D,匹配表1065!F:F)*N4 -> 4
A5: 4月 | B5: 46113 | C5: =MONTH(B5)&TEXT(WEEKNUM(B5,2)-WEEKNUM(B5+1-DAY(B5),2)+1,"月第0周") -> 4月第1周 | D5: 4月第1周 | E5: =D5&"--"&"周"&WEEKDAY(B5,2) -> 4月第1周--周3 | F5: 钟君珊 | G5: 郑家成 | H5: =_xlfn.XLOOKUP(O5,匹配表1065!T:T,匹配表1065!W:W) -> 南京市 | I5: =_xlfn.XLOOKUP(O5,匹配表1065!T:T,匹配表1065!X:X) -> PME2004 | J5: 杨帆 | K5: {=_xlfn.XLOOKUP(J5,匹配表1065!Y:Y,匹配表1065!AA:AB)} -> 11 | L5: 3个月以上 | M5: 1、中频 | N5: 1 | O5: =_xlfn.XLOOKUP(P5,匹配表1065!U:U,匹配表1065!T:T) -> HO00000972 | P5: 中国人民解放军东部战区总医院 | Q5: 蔡玉龙 | R5: =_xlfn.XLOOKUP(Q5,匹配表1065!L:L,匹配表1065!O:O) -> B | S5: =IFERROR(_xlfn.XLOOKUP(Q5,匹配表1065!AI:AI,匹配表1065!AJ:AJ),"绿标") -> 绿标 | T5: {=_xlfn.XLOOKUP(Q5,匹配表1065!L:L,匹配表1065!M:N)} -> 脑血管 | U5: 神经内科 | V5: 4-7次（中频） | W5: =_xlfn.XLOOKUP(M5,匹配表1065!D:D,匹配表1065!F:F)*N5 -> 4
A6: 4月 | B6: 46113 | C6: =MONTH(B6)&TEXT(WEEKNUM(B6,2)-WEEKNUM(B6+1-DAY(B6),2)+1,"月第0周") -> 4月第1周 | D6: 4月第1周 | E6: =D6&"--"&"周"&WEEKDAY(B6,2) -> 4月第1周--周3 | F6: 钟君珊 | G6: 郑家成 | H6: =_xlfn.XLOOKUP(O6,匹配表1065!T:T,匹配表1065!W:W) -> 南京市 | I6: =_xlfn.XLOOKUP(O6,匹配表1065!T:T,匹配表1065!X:X) -> PME2039 | J6: 盖奕彤 | K6: {=_xlfn.XLOOKUP(J6,匹配表1065!Y:Y,匹配表1065!AA:AB)} -> 7 | L6: 3个月以上 | M6: 1、中频 | N6: 1 | O6: =_xlfn.XLOOKUP(P6,匹配表1065!U:U,匹配表1065!T:T) -> HO00000971 | P6: 江苏省中医院 | Q6: 崔春丽 | R6: =_xlfn.XLOOKUP(Q6,匹配表1065!L:L,匹配表1065!O:O) -> A | S6: =IFERROR(_xlfn.XLOOKUP(Q6,匹配表1065!AI:AI,匹配表1065!AJ:AJ),"绿标") -> 绿标 | T6: {=_xlfn.XLOOKUP(Q6,匹配表1065!L:L,匹配表1065!M:N)} -> 头痛 | U6: 神经内科 | V6: 大于8次（高频） | W6: =_xlfn.XLOOKUP(M6,匹配表1065!D:D,匹配表1065!F:F)*N6 -> 4
A7: 4月 | B7: 46113 | C7: =MONTH(B7)&TEXT(WEEKNUM(B7,2)-WEEKNUM(B7+1-DAY(B7),2)+1,"月第0周") -> 4月第1周 | D7: 4月第1周 | E7: =D7&"--"&"周"&WEEKDAY(B7,2) -> 4月第1周--周3 | F7: 钟君珊 | G7: 郑家成 | H7: =_xlfn.XLOOKUP(O7,匹配表1065!T:T,匹配表1065!W:W) -> 镇江市 | I7: =_xlfn.XLOOKUP(O7,匹配表1065!T:T,匹配表1065!X:X) -> PME2039 | J7: 盖奕彤 | K7: {=_xlfn.XLOOKUP(J7,匹配表1065!Y:Y,匹配表1065!AA:AB)} -> 7 | L7: 3个月以上 | M7: 1、中频 | N7: 1 | O7: =_xlfn.XLOOKUP(P7,匹配表1065!U:U,匹配表1065!T:T) -> HO00001015 | P7: 镇江市第一人民医院 | Q7: 周志奎 | R7: =_xlfn.XLOOKUP(Q7,匹配表1065!L:L,匹配表1065!O:O) -> A | S7: =IFERROR(_xlfn.XLOOKUP(Q7,匹配表1065!AI:AI,匹配表1065!AJ:AJ),"绿标") -> 绿标 | T7: {=_xlfn.XLOOKUP(Q7,匹配表1065!L:L,匹配表1065!M:N)} -> 头痛 | U7: 神经内科 | V7: 4-7次（中频） | W7: =_xlfn.XLOOKUP(M7,匹配表1065!D:D,匹配表1065!F:F)*N7 -> 4
A8: 4月 | B8: 46113 | C8: =MONTH(B8)&TEXT(WEEKNUM(B8,2)-WEEKNUM(B8+1-DAY(B8),2)+1,"月第0周") -> 4月第1周 | D8: 4月第1周 | E8: =D8&"--"&"周"&WEEKDAY(B8,2) -> 4月第1周--周3 | F8: 钟君珊 | G8: 郑家成 | H8: =_xlfn.XLOOKUP(O8,匹配表1065!T:T,匹配表1065!W:W) -> 常州市 | I8: =_xlfn.XLOOKUP(O8,匹配表1065!T:T,匹配表1065!X:X) -> PME2015 | J8: 缪苏琴 | K8: {=_xlfn.XLOOKUP(J8,匹配表1065!Y:Y,匹配表1065!AA:AB)} -> 9 | L8: 3个月以上 | M8: 1、中频 | N8: 1 | O8: =_xlfn.XLOOKUP(P8,匹配表1065!U:U,匹配表1065!T:T) -> HO00015998 | P8: 常州市武进中医医院 | Q8: 王凤英 | R8: =_xlfn.XLOOKUP(Q8,匹配表1065!L:L,匹配表1065!O:O) -> B | S8: =IFERROR(_xlfn.XLOOKUP(Q8,匹配表1065!AI:AI,匹配表1065!AJ:AJ),"绿标") -> 绿标 | T8: {=_xlfn.XLOOKUP(Q8,匹配表1065!L:L,匹配表1065!M:N)} -> 脑血管 | U8: 神经内科 | V8: 大于8次（高频） | W8: =_xlfn.XLOOKUP(M8,匹配表1065!D:D,匹配表1065!F:F)*N8 -> 4
A9: 4月 | B9: 46113 | C9: =MONTH(B9)&TEXT(WEEKNUM(B9,2)-WEEKNUM(B9+1-DAY(B9),2)+1,"月第0周") -> 4月第1周 | D9: 4月第1周 | E9: =D9&"--"&"周"&WEEKDAY(B9,2) -> 4月第1周--周3 | F9: 钟君珊 | G9: 郑家成 | H9: =_xlfn.XLOOKUP(O9,匹配表1065!T:T,匹配表1065!W:W) -> 常州市 | I9: =_xlfn.XLOOKUP(O9,匹配表1065!T:T,匹配表1065!X:X) -> PME2015 | J9: 缪苏琴 | K9: {=_xlfn.XLOOKUP(J9,匹配表1065!Y:Y,匹配表1065!AA:AB)} -> 9 | L9: 3个月以上 | M9: 1、中频 | N9: 1 | O9: =_xlfn.XLOOKUP(P9,匹配表1065!U:U,匹配表1065!T:T) -> HO00016083 | P9: 常州市妇幼保健院 | Q9: 郑秀琴 | R9: =_xlfn.XLOOKUP(Q9,匹配表1065!L:L,匹配表1065!O:O) -> B | S9: =IFERROR(_xlfn.XLOOKUP(Q9,匹配表1065!AI:AI,匹配表1065!AJ:AJ),"绿标") -> 红标 | T9: {=_xlfn.XLOOKUP(Q9,匹配表1065!L:L,匹配表1065!M:N)} -> 脑血管 | U9: 神经内科 | V9: 大于8次（高频） | W9: =_xlfn.XLOOKUP(M9,匹配表1065!D:D,匹配表1065!F:F)*N9 -> 4
A10: 4月 | B10: 46113 | C10: =MONTH(B10)&TEXT(WEEKNUM(B10,2)-WEEKNUM(B10+1-DAY(B10),2)+1,"月第0周") -> 4月第1周 | D10: 4月第1周 | E10: =D10&"--"&"周"&WEEKDAY(B10,2) -> 4月第1周--周3 | F10: 钟君珊 | G10: 郑家成 | H10: =_xlfn.XLOOKUP(O10,匹配表1065!T:T,匹配表1065!W:W) -> 南京市 | I10: =_xlfn.XLOOKUP(O10,匹配表1065!T:T,匹配表1065!X:X) -> PME2040 | J10: 王玉婷 | K10: {=_xlfn.XLOOKUP(J10,匹配表1065!Y:Y,匹配表1065!AA:AB)} -> #N/A | M10: 1、中频 | N10: 1 | O10: =_xlfn.XLOOKUP(P10,匹配表1065!U:U,匹配表1065!T:T) -> HO00000966 | P10: 南京医科大学第二附属医院 | Q10: 吴晋 | R10: =_xlfn.XLOOKUP(Q10,匹配表1065!L:L,匹配表1065!O:O) -> B | S10: =IFERROR(_xlfn.XLOOKUP(Q10,匹配表1065!AI:AI,匹配表1065!AJ:AJ),"绿标") -> 红标 | T10: {=_xlfn.XLOOKUP(Q10,匹配表1065!L:L,匹配表1065!M:N)} -> 脑血管 | U10: 神经内科 | V10: 大于8次（高频） | W10: =_xlfn.XLOOKUP(M10,匹配表1065!D:D,匹配表1065!F:F)*N10 -> 4
A11: 4月 | B11: 46113 | C11: =MONTH(B11)&TEXT(WEEKNUM(B11,2)-WEEKNUM(B11+1-DAY(B11),2)+1,"月第0周") -> 4月第1周 | D11: 4月第1周 | E11: =D11&"--"&"周"&WEEKDAY(B11,2) -> 4月第1周--周3 | F11: 钟君珊 | G11: 郑家成 | H11: =_xlfn.XLOOKUP(O11,匹配表1065!T:T,匹配表1065!W:W) -> 南京市 | I11: =_xlfn.XLOOKUP(O11,匹配表1065!T:T,匹配表1065!X:X) -> PME2040 | J11: 王玉婷 | K11: {=_xlfn.XLOOKUP(J11,匹配表1065!Y:Y,匹配表1065!AA:AB)} -> #N/A | M11: 1、中频 | N11: 1 | O11: =_xlfn.XLOOKUP(P11,匹配表1065!U:U,匹配表1065!T:T) -> HO00000966 | P11: 南京医科大学第二附属医院 | Q11: 刘玮 | R11: =_xlfn.XLOOKUP(Q11,匹配表1065!L:L,匹配表1065!O:O) -> A | S11: =IFERROR(_xlfn.XLOOKUP(Q11,匹配表1065!AI:AI,匹配表1065!AJ:AJ),"绿标") -> 绿标 | T11: {=_xlfn.XLOOKUP(Q11,匹配表1065!L:L,匹配表1065!M:N)} -> 头痛 | U11: 神经内科 | V11: 4-7次（中频） | W11: =_xlfn.XLOOKUP(M11,匹配表1065!D:D,匹配表1065!F:F)*N11 -> 4
A12: 4月 | B12: 46113 | C12: =MONTH(B12)&TEXT(WEEKNUM(B12,2)-WEEKNUM(B12+1-DAY(B12),2)+1,"月第0周") -> 4月第1周 | D12: 4月第1周 | E12: =D12&"--"&"周"&WEEKDAY(B12,2) -> 4月第1周--周3 | F12: 钟君珊 | G12: 郑家成 | H12: =_xlfn.XLOOKUP(O12,匹配表1065!T:T,匹配表1065!W:W) -> 南京市 | I12: =_xlfn.XLOOKUP(O12,匹配表1065!T:T,匹配表1065!X:X) -> PME2005 | J12: 徐燕 | K12: {=_xlfn.XLOOKUP(J12,匹配表1065!Y:Y,匹配表1065!AA:AB)} -> 3 | L12: 3个月以上 | M12: 2、高频 | N12: 1 | O12: =_xlfn.XLOOKUP(P12,匹配表1065!U:U,匹配表1065!T:T) -> HO00000975 | P12: 南京脑科医院 | Q12: 刘斌 | R12: =_xlfn.XLOOKUP(Q12,匹配表1065!L:L,匹配表1065!O:O) -> C | S12: =IFERROR(_xlfn.XLOOKUP(Q12,匹配表1065!AI:AI,匹配表1065!AJ:AJ),"绿标") -> 绿标 | T12: {=_xlfn.XLOOKUP(Q12,匹配表1065!L:L,匹配表1065!M:N)} -> 眩晕 | U12: 神经内科 | V12: 小于4次（低频） | W12: =_xlfn.XLOOKUP(M12,匹配表1065!D:D,匹配表1065!F:F)*N12 -> 8
A13: 4月 | B13: 46113 | C13: =MONTH(B13)&TEXT(WEEKNUM(B13,2)-WEEKNUM(B13+1-DAY(B13),2)+1,"月第0周") -> 4月第1周 | D13: 4月第1周 | E13: =D13&"--"&"周"&WEEKDAY(B13,2) -> 4月第1周--周3 | F13: 钟君珊 | G13: 郑家成 | H13: =_xlfn.XLOOKUP(O13,匹配表1065!T:T,匹配表1065!W:W) -> 南京市 | I13: =_xlfn.XLOOKUP(O13,匹配表1065!T:T,匹配表1065!X:X) -> PME2005 | J13: 徐燕 | K13: {=_xlfn.XLOOKUP(J13,匹配表1065!Y:Y,匹配表1065!AA:AB)} -> 3 | L13: 3个月以上 | M13: 1、中频 | N13: 1 | O13: =_xlfn.XLOOKUP(P13,匹配表1065!U:U,匹配表1065!T:T) -> HO00000975 | P13: 南京脑科医院 | Q13: 陈志璐 | R13: =_xlfn.XLOOKUP(Q13,匹配表1065!L:L,匹配表1065!O:O) -> B | S13: =IFERROR(_xlfn.XLOOKUP(Q13,匹配表1065!AI:AI,匹配表1065!AJ:AJ),"绿标") -> 绿标 | T13: {=_xlfn.XLOOKUP(Q13,匹配表1065!L:L,匹配表1065!M:N)} -> 脑血管 | U13: 神经内科 | V13: 大于8次（高频） | W13: =_xlfn.XLOOKUP(M13,匹配表1065!D:D,匹配表1065!F:F)*N13 -> 4
A14: 4月 | B14: 46113 | C14: =MONTH(B14)&TEXT(WEEKNUM(B14,2)-WEEKNUM(B14+1-DAY(B14),2)+1,"月第0周") -> 4月第1周 | D14: 4月第1周 | E14: =D14&"--"&"周"&WEEKDAY(B14,2) -> 4月第1周--周3 | F14: 钟君珊 | G14: 郑家成 | H14: =_xlfn.XLOOKUP(O14,匹配表1065!T:T,匹配表1065!W:W) -> 扬州市 | I14: =_xlfn.XLOOKUP(O14,匹配表1065!T:T,匹配表1065!X:X) -> PME2012 | J14: 高佳怡 | K14: {=_xlfn.XLOOKUP(J14,匹配表1065!Y:Y,匹配表1065!AA:AB)} -> 13 | L14: 3个月以上 | M14: 3、VM | N14: 1 | O14: =_xlfn.XLOOKUP(P14,匹配表1065!U:U,匹配表1065!T:T) -> HO00000968 | P14: 江苏省苏北人民医院 | Q14: 陈兰兰 | R14: =_xlfn.XLOOKUP(Q14,匹配表1065!L:L,匹配表1065!O:O) -> A | S14: =IFERROR(_xlfn.XLOOKUP(Q14,匹配表1065!AI:AI,匹配表1065!AJ:AJ),"绿标") -> 红标 | T14: {=_xlfn.XLOOKUP(Q14,匹配表1065!L:L,匹配表1065!M:N)} -> 头痛 | U14: 神经内科 | V14: 4-7次（中频） | W14: =_xlfn.XLOOKUP(M14,匹配表1065!D:D,匹配表1065!F:F)*N14 -> 12
A15: 4月 | B15: 46113 | C15: =MONTH(B15)&TEXT(WEEKNUM(B15,2)-WEEKNUM(B15+1-DAY(B15),2)+1,"月第0周") -> 4月第1周 | D15: 4月第1周 | E15: =D15&"--"&"周"&WEEKDAY(B15,2) -> 4月第1周--周3 | F15: 钟君珊 | G15: 孟鈃 | H15: =_xlfn.XLOOKUP(O15,匹配表1065!T:T,匹配表1065!W:W) -> 南京市 | I15: =_xlfn.XLOOKUP(O15,匹配表1065!T:T,匹配表1065!X:X) -> PME2001 | J15: 王方方 | K15: {=_xlfn.XLOOKUP(J15,匹配表1065!Y:Y,匹配表1065!AA:AB)} -> 31 | L15: 3个月以上 | M15: 3、VM | N15: 1 | O15: =_xlfn.XLOOKUP(P15,匹配表1065!U:U,匹配表1065!T:T) -> HO00000958 | P15: 江苏省人民医院 | Q15: 董欣 | R15: =_xlfn.XLOOKUP(Q15,匹配表1065!L:L,匹配表1065!O:O) -> A | S15: =IFERROR(_xlfn.XLOOKUP(Q15,匹配表1065!AI:AI,匹配表1065!AJ:AJ),"绿标") -> 红标 | T15: {=_xlfn.XLOOKUP(Q15,匹配表1065!L:L,匹配表1065!M:N)} -> 头痛 | U15: 神经内科 | V15: CM/MOH | W15: =_xlfn.XLOOKUP(M15,匹配表1065!D:D,匹配表1065!F:F)*N15 -> 12
A16: 4月 | B16: 46113 | C16: =MONTH(B16)&TEXT(WEEKNUM(B16,2)-WEEKNUM(B16+1-DAY(B16),2)+1,"月第0周") -> 4月第1周 | D16: 4月第1周 | E16: =D16&"--"&"周"&WEEKDAY(B16,2) -> 4月第1周--周3 | F16: 钟君珊 | G16: 孟鈃 | H16: =_xlfn.XLOOKUP(O16,匹配表1065!T:T,匹配表1065!W:W) -> 南京市 | I16: =_xlfn.XLOOKUP(O16,匹配表1065!T:T,匹配表1065!X:X) -> PME2001 | J16: 王方方 | K16: {=_xlfn.XLOOKUP(J16,匹配表1065!Y:Y,匹配表1065!AA:AB)} -> 31 | L16: 3个月以上 | M16: 3、VM | N16: 1 | O16: =_xlfn.XLOOKUP(P16,匹配表1065!U:U,匹配表1065!T:T) -> HO00000958 | P16: 江苏省人民医院 | Q16: 顾萍 | R16: =_xlfn.XLOOKUP(Q16,匹配表1065!L:L,匹配表1065!O:O) -> A | S16: =IFERROR(_xlfn.XLOOKUP(Q16,匹配表1065!AI:AI,匹配表1065!AJ:AJ),"绿标") -> 红标 | T16: {=_xlfn.XLOOKUP(Q16,匹配表1065!L:L,匹配表1065!M:N)} -> 头痛 | U16: 神经内科 | V16: CM/MOH | W16: =_xlfn.XLOOKUP(M16,匹配表1065!D:D,匹配表1065!F:F)*N16 -> 12
A17: 4月 | B17: 46113 | C17: =MONTH(B17)&TEXT(WEEKNUM(B17,2)-WEEKNUM(B17+1-DAY(B17),2)+1,"月第0周") -> 4月第1周 | D17: 4月第1周 | E17: =D17&"--"&"周"&WEEKDAY(B17,2) -> 4月第1周--周3 | F17: 钟君珊 | G17: 孟鈃 | H17: =_xlfn.XLOOKUP(O17,匹配表1065!T:T,匹配表1065!W:W) -> 南京市 | I17: =_xlfn.XLOOKUP(O17,匹配表1065!T:T,匹配表1065!X:X) -> PME2001 | J17: 王方方 | K17: {=_xlfn.XLOOKUP(J17,匹配表1065!Y:Y,匹配表1065!AA:AB)} -> 31 | L17: 3个月以上 | M17: 2、高频 | N17: 1 | O17: =_xlfn.XLOOKUP(P17,匹配表1065!U:U,匹配表1065!T:T) -> HO00000958 | P17: 江苏省人民医院 | Q17: 赵晓埝 | R17: =_xlfn.XLOOKUP(Q17,匹配表1065!L:L,匹配表1065!O:O) -> C | S17: =IFERROR(_xlfn.XLOOKUP(Q17,匹配表1065!AI:AI,匹配表1065!AJ:AJ),"绿标") -> 绿标 | T17: {=_xlfn.XLOOKUP(Q17,匹配表1065!L:L,匹配表1065!M:N)} -> 眩晕 | U17: 耳鼻喉科 | V17: 焦虑抑郁共病 | W17: =_xlfn.XLOOKUP(M17,匹配表1065!D:D,匹配表1065!F:F)*N17 -> 8
A18: 4月 | B18: 46113 | C18: =MONTH(B18)&TEXT(WEEKNUM(B18,2)-WEEKNUM(B18+1-DAY(B18),2)+1,"月第0周") -> 4月第1周 | D18: 4月第1周 | E18: =D18&"--"&"周"&WEEKDAY(B18,2) -> 4月第1周--周3 | F18: 钟君珊 | G18: 孟鈃 | H18: =_xlfn.XLOOKUP(O18,匹配表1065!T:T,匹配表1065!W:W) -> 淮安市 | I18: =_xlfn.XLOOKUP(O18,匹配表1065!T:T,匹配表1065!X:X) -> PME2041 | J18: 徐自豪 | K18: {=_xlfn.XLOOKUP(J18,匹配表1065!Y:Y,匹配表1065!AA:AB)} -> 5 | L18: 3个月以上 | M18: 1、中频 | N18: 1 | O18: =_xlfn.XLOOKUP(P18,匹配表1065!U:U,匹配表1065!T:T) -> HO00000992 | P18: 淮安市第一人民医院 | Q18: 蔡诗昆 | R18: =_xlfn.XLOOKUP(Q18,匹配表1065!L:L,匹配表1065!O:O) -> D | S18: =IFERROR(_xlfn.XLOOKUP(Q18,匹配表1065!AI:AI,匹配表1065!AJ:AJ),"绿标") -> 绿标 | T18: {=_xlfn.XLOOKUP(Q18,匹配表1065!L:L,匹配表1065!M:N)} -> 眩晕 | U18: 神经内科 | V18: 小于4次（低频） | W18: =_xlfn.XLOOKUP(M18,匹配表1065!D:D,匹配表1065!F:F)*N18 -> 4
A19: 4月 | B19: 46113 | C19: =MONTH(B19)&TEXT(WEEKNUM(B19,2)-WEEKNUM(B19+1-DAY(B19),2)+1,"月第0周") -> 4月第1周 | D19: 4月第1周 | E19: =D19&"--"&"周"&WEEKDAY(B19,2) -> 4月第1周--周3 | F19: 钟君珊 | G19: 孟鈃 | H19: =_xlfn.XLOOKUP(O19,匹配表1065!T:T,匹配表1065!W:W) -> 连云港市 | I19: =_xlfn.XLOOKUP(O19,匹配表1065!T:T,匹配表1065!X:X) -> PME2042 | J19: 黄燕儿 | K19: {=_xlfn.XLOOKUP(J19,匹配表1065!Y:Y,匹配表1065!AA:AB)} -> 7 | L19: 3个月以上 | M19: 1、中频 | N19: 1 | O19: =_xlfn.XLOOKUP(P19,匹配表1065!U:U,匹配表1065!T:T) -> HO00001004 | P19: 连云港市第一人民医院 | Q19: 张永进 | R19: =_xlfn.XLOOKUP(Q19,匹配表1065!L:L,匹配表1065!O:O) -> B | S19: =IFERROR(_xlfn.XLOOKUP(Q19,匹配表1065!AI:AI,匹配表1065!AJ:AJ),"绿标") -> 绿标 | T19: {=_xlfn.XLOOKUP(Q19,匹配表1065!L:L,匹配表1065!M:N)} -> 脑血管 | U19: 神经内科 | V19: 焦虑抑郁共病 | W19: =_xlfn.XLOOKUP(M19,匹配表1065!D:D,匹配表1065!F:F)*N19 -> 4
A20: 4月 | B20: 46113 | C20: =MONTH(B20)&TEXT(WEEKNUM(B20,2)-WEEKNUM(B20+1-DAY(B20),2)+1,"月第0周") -> 4月第1周 | D20: 4月第1周 | E20: =D20&"--"&"周"&WEEKDAY(B20,2) -> 4月第1周--周3 | F20: 钟君珊 | G20: 孟鈃 | H20: =_xlfn.XLOOKUP(O20,匹配表1065!T:T,匹配表1065!W:W) -> 南京市 | I20: =_xlfn.XLOOKUP(O20,匹配表1065!T:T,匹配表1065!X:X) -> PME2001 | J20: 芦晓辉 | K20: {=_xlfn.XLOOKUP(J20,匹配表1065!Y:Y,匹配表1065!AA:AB)} -> 8 | L20: 3个月以上 | M20: 2、高频 | N20: 1 | O20: =_xlfn.XLOOKUP(P20,匹配表1065!U:U,匹配表1065!T:T) -> HO00000958 | P20: 江苏省人民医院 | Q20: 曾彦英 | R20: =_xlfn.XLOOKUP(Q20,匹配表1065!L:L,匹配表1065!O:O) -> C | S20: =IFERROR(_xlfn.XLOOKUP(Q20,匹配表1065!AI:AI,匹配表1065!AJ:AJ),"绿标") -> 绿标 | T20: {=_xlfn.XLOOKUP(Q20,匹配表1065!L:L,匹配表1065!M:N)} -> 眩晕 | U20: 神经内科 | V20: 焦虑抑郁共病 | W20: =_xlfn.XLOOKUP(M20,匹配表1065!D:D,匹配表1065!F:F)*N20 -> 8
A21: 4月 | B21: 46113 | C21: =MONTH(B21)&TEXT(WEEKNUM(B21,2)-WEEKNUM(B21+1-DAY(B21),2)+1,"月第0周") -> 4月第1周 | D21: 4月第1周 | E21: =D21&"--"&"周"&WEEKDAY(B21,2) -> 4月第1周--周3 | F21: 钟君珊 | G21: 孟鈃 | H21: =_xlfn.XLOOKUP(O21,匹配表1065!T:T,匹配表1065!W:W) -> 南京市 | I21: =_xlfn.XLOOKUP(O21,匹配表1065!T:T,匹配表1065!X:X) -> PME2037 | J21: 芦晓辉 | K21: {=_xlfn.XLOOKUP(J21,匹配表1065!Y:Y,匹配表1065!AA:AB)} -> 8 | L21: 3个月以上 | M21: 1、中频 | N21: 1 | O21: =_xlfn.XLOOKUP(P21,匹配表1065!U:U,匹配表1065!T:T) -> HO00046044 | P21: 江苏省妇幼保健院 | Q21: 浦丹华 | R21: =_xlfn.XLOOKUP(Q21,匹配表1065!L:L,匹配表1065!O:O) -> D | S21: =IFERROR(_xlfn.XLOOKUP(Q21,匹配表1065!AI:AI,匹配表1065!AJ:AJ),"绿标") -> 绿标 | T21: {=_xlfn.XLOOKUP(Q21,匹配表1065!L:L,匹配表1065!M:N)} -> 其他 | U21: 其他 | V21: 小于4次（低频） | W21: =_xlfn.XLOOKUP(M21,匹配表1065!D:D,匹配表1065!F:F)*N21 -> 4
A22: 4月 | B22: 46113 | C22: =MONTH(B22)&TEXT(WEEKNUM(B22,2)-WEEKNUM(B22+1-DAY(B22),2)+1,"月第0周") -> 4月第1周 | D22: 4月第1周 | E22: =D22&"--"&"周"&WEEKDAY(B22,2) -> 4月第1周--周3 | F22: 钟君珊 | G22: 孟鈃 | H22: =_xlfn.XLOOKUP(O22,匹配表1065!T:T,匹配表1065!W:W) -> 徐州市 | I22: =_xlfn.XLOOKUP(O22,匹配表1065!T:T,匹配表1065!X:X) -> PME2008 | J22: 章智程 | K22: {=_xlfn.XLOOKUP(J22,匹配表1065!Y:Y,匹配表1065!AA:AB)} -> 19 | L22: 3个月以上 | M22: 3、VM | N22: 1 | O22: =_xlfn.XLOOKUP(P22,匹配表1065!U:U,匹配表1065!T:T) -> HO00001134 | P22: 徐州矿务集团总医院暨徐州医科大学院第二附属医院 | Q22: 单君君 | R22: =_xlfn.XLOOKUP(Q22,匹配表1065!L:L,匹配表1065!O:O) -> B | S22: =IFERROR(_xlfn.XLOOKUP(Q22,匹配表1065!AI:AI,匹配表1065!AJ:AJ),"绿标") -> 黑标 | T22: {=_xlfn.XLOOKUP(Q22,匹配表1065!L:L,匹配表1065!M:N)} -> 抑郁焦虑 | U22: 神经内科 | V22: CM/MOH | W22: =_xlfn.XLOOKUP(M22,匹配表1065!D:D,匹配表1065!F:F)*N22 -> 12
A23: 4月 | B23: 46113 | C23: =MONTH(B23)&TEXT(WEEKNUM(B23,2)-WEEKNUM(B23+1-DAY(B23),2)+1,"月第0周") -> 4月第1周 | D23: 4月第1周 | E23: =D23&"--"&"周"&WEEKDAY(B23,2) -> 4月第1周--周3 | F23: 钟君珊 | G23: 孟鈃 | H23: =_xlfn.XLOOKUP(O23,匹配表1065!T:T,匹配表1065!W:W) -> 南京市 | I23: =_xlfn.XLOOKUP(O23,匹配表1065!T:T,匹配表1065!X:X) -> PME2002 | J23: 罗世懿 | K23: {=_xlfn.XLOOKUP(J23,匹配表1065!Y:Y,匹配表1065!AA:AB)} -> 31 | L23: 3个月以上 | M23: 3、VM | N23: 1 | O23: =_xlfn.XLOOKUP(P23,匹配表1065!U:U,匹配表1065!T:T) -> HO00111156 | P23: 泰康仙林鼓楼医院有限公司 | Q23: 许爱刚 | R23: =_xlfn.XLOOKUP(Q23,匹配表1065!L:L,匹配表1065!O:O) -> D | S23: =IFERROR(_xlfn.XLOOKUP(Q23,匹配表1065!AI:AI,匹配表1065!AJ:AJ),"绿标") -> 红标 | T23: {=_xlfn.XLOOKUP(Q23,匹配表1065!L:L,匹配表1065!M:N)} -> 头痛 | U23: 神经内科 | V23: CM/MOH | W23: =_xlfn.XLOOKUP(M23,匹配表1065!D:D,匹配表1065!F:F)*N23 -> 12
... A78: 4月 | B78: 46114 | C78: =MONTH(B78)&TEXT(WEEKNUM(B78,2)-WEEKNUM(B78+1-DAY(B78),2)+1,"月第0周") -> 4月第1周 | D78: 4月第1周 | E78: =D78&"--"&"周"&WEEKDAY(B78,2) -> 4月第1周--周4 | F78: 钟君珊 | G78: 郑家成 | H78: =_xlfn.XLOOKUP(O78,匹配表1065!T:T,匹配表1065!W:W) -> 镇江市 | I78: =_xlfn.XLOOKUP(O78,匹配表1065!T:T,匹配表1065!X:X) -> PME2039 | J78: 盖奕彤 | K78: {=_xlfn.XLOOKUP(J78,匹配表1065!Y:Y,匹配表1065!AA:AB)} -> 7 | L78: 3个月以上 | M78: 3、VM | N78: 1 | O78: =_xlfn.XLOOKUP(P78,匹配表1065!U:U,匹配表1065!T:T) -> HO00001015 | P78: 镇江市第一人民医院 | Q78: 陈晓鹏 | R78: =_xlfn.XLOOKUP(Q78,匹配表1065!L:L,匹配表1065!O:O) -> B | S78: =IFERROR(_xlfn.XLOOKUP(Q78,匹配表1065!AI:AI,匹配表1065!AJ:AJ),"绿标") -> 绿标 | T78: {=_xlfn.XLOOKUP(Q78,匹配表1065!L:L,匹配表1065!M:N)} -> 脑血管 | U78: 神经内科 | V78: 焦虑抑郁共病 | W78: =_xlfn.XLOOKUP(M78,匹配表1065!D:D,匹配表1065!F:F)*N78 -> 12
A79: 4月 | B79: 46114 | C79: =MONTH(B79)&TEXT(WEEKNUM(B79,2)-WEEKNUM(B79+1-DAY(B79),2)+1,"月第0周") -> 4月第1周 | D79: 4月第1周 | E79: =D79&"--"&"周"&WEEKDAY(B79,2) -> 4月第1周--周4 | F79: 钟君珊 | G79: 郑家成 | H79: =_xlfn.XLOOKUP(O79,匹配表1065!T:T,匹配表1065!W:W) -> 南京市 | I79: =_xlfn.XLOOKUP(O79,匹配表1065!T:T,匹配表1065!X:X) -> PME2040 | J79: 王玉婷 | K79: {=_xlfn.XLOOKUP(J79,匹配表1065!Y:Y,匹配表1065!AA:AB)} -> #N/A | M79: 3、VM | N79: 1 | O79: =_xlfn.XLOOKUP(P79,匹配表1065!U:U,匹配表1065!T:T) -> HO00000966 | P79: 南京医科大学第二附属医院 | Q79: 潘凤华 | R79: =_xlfn.XLOOKUP(Q79,匹配表1065!L:L,匹配表1065!O:O) -> A | S79: =IFERROR(_xlfn.XLOOKUP(Q79,匹配表1065!AI:AI,匹配表1065!AJ:AJ),"绿标") -> 绿标 | T79: {=_xlfn.XLOOKUP(Q79,匹配表1065!L:L,匹配表1065!M:N)} -> 头痛 | U79: 神经内科 | V79: 焦虑抑郁共病 | W79: =_xlfn.XLOOKUP(M79,匹配表1065!D:D,匹配表1065!F:F)*N79 -> 12
A80: 4月 | B80: 46114 | C80: =MONTH(B80)&TEXT(WEEKNUM(B80,2)-WEEKNUM(B80+1-DAY(B80),2)+1,"月第0周") -> 4月第1周 | D80: 4月第1周 | E80: =D80&"--"&"周"&WEEKDAY(B80,2) -> 4月第1周--周4 | F80: 钟君珊 | G80: 郑家成 | H80: =_xlfn.XLOOKUP(O80,匹配表1065!T:T,匹配表1065!W:W) -> 扬州市 | I80: =_xlfn.XLOOKUP(O80,匹配表1065!T:T,匹配表1065!X:X) -> PME2012 | J80: 高佳怡 | K80: {=_xlfn.XLOOKUP(J80,匹配表1065!Y:Y,匹配表1065!AA:AB)} -> 13 | L80: 3个月以上 | M80: 3、VM | N80: 1 | O80: =_xlfn.XLOOKUP(P80,匹配表1065!U:U,匹配表1065!T:T) -> HO00000968 | P80: 江苏省苏北人民医院 | Q80: 陈兰兰 | R80: =_xlfn.XLOOKUP(Q80,匹配表1065!L:L,匹配表1065!O:O) -> A | S80: =IFERROR(_xlfn.XLOOKUP(Q80,匹配表1065!AI:AI,匹配表1065!AJ:AJ),"绿标") -> 红标 | T80: {=_xlfn.XLOOKUP(Q80,匹配表1065!L:L,匹配表1065!M:N)} -> 头痛 | U80: 神经内科 | V80: 大于8次（高频） | W80: =_xlfn.XLOOKUP(M80,匹配表1065!D:D,匹配表1065!F:F)*N80 -> 12
A81: 4月 | B81: 46114 | C81: =MONTH(B81)&TEXT(WEEKNUM(B81,2)-WEEKNUM(B81+1-DAY(B81),2)+1,"月第0周") -> 4月第1周 | D81: 4月第1周 | E81: =D81&"--"&"周"&WEEKDAY(B81,2) -> 4月第1周--周4 | F81: 钟君珊 | G81: 郑家成 | H81: =_xlfn.XLOOKUP(O81,匹配表1065!T:T,匹配表1065!W:W) -> 泰州市 | I81: =_xlfn.XLOOKUP(O81,匹配表1065!T:T,匹配表1065!X:X) -> PME2012 | J81: 高佳怡 | K81: {=_xlfn.XLOOKUP(J81,匹配表1065!Y:Y,匹配表1065!AA:AB)} -> 13 | L81: 3个月以上 | M81: 2、高频 | N81: 1 | O81: =_xlfn.XLOOKUP(P81,匹配表1065!U:U,匹配表1065!T:T) -> HO00000954 | P81: 泰州市第二人民医院 | Q81: 茆华武 | R81: =_xlfn.XLOOKUP(Q81,匹配表1065!L:L,匹配表1065!O:O) -> B | S81: =IFERROR(_xlfn.XLOOKUP(Q81,匹配表1065!AI:AI,匹配表1065!AJ:AJ),"绿标") -> 绿标 | T81: {=_xlfn.XLOOKUP(Q81,匹配表1065!L:L,匹配表1065!M:N)} -> 脑血管 | U81: 神经内科 | V81: 大于8次（高频） | W81: =_xlfn.XLOOKUP(M81,匹配表1065!D:D,匹配表1065!F:F)*N81 -> 8
A82: 4月 | B82: 46114 | C82: =MONTH(B82)&TEXT(WEEKNUM(B82,2)-WEEKNUM(B82+1-DAY(B82),2)+1,"月第0周") -> 4月第1周 | D82: 4月第1周 | E82: =D82&"--"&"周"&WEEKDAY(B82,2) -> 4月第1周--周4 | F82: 钟君珊 | G82: 郑家成 | H82: =_xlfn.XLOOKUP(O82,匹配表1065!T:T,匹配表1065!W:W) -> 常州市 | I82: =_xlfn.XLOOKUP(O82,匹配表1065!T:T,匹配表1065!X:X) -> PME2015 | J82: 缪苏琴 | K82: {=_xlfn.XLOOKUP(J82,匹配表1065!Y:Y,匹配表1065!AA:AB)} -> 9 | L82: 3个月以上 | M82: 4、慢偏 | N82: 1 | O82: =_xlfn.XLOOKUP(P82,匹配表1065!U:U,匹配表1065!T:T) -> HO00000940 | P82: 常州市第一人民医院 | Q82: 薛海翔 | R82: =_xlfn.XLOOKUP(Q82,匹配表1065!L:L,匹配表1065!O:O) -> C | S82: =IFERROR(_xlfn.XLOOKUP(Q82,匹配表1065!AI:AI,匹配表1065!AJ:AJ),"绿标") -> 红标 | T82: {=_xlfn.XLOOKUP(Q82,匹配表1065!L:L,匹配表1065!M:N)} -> 眩晕 | U82: 耳鼻喉科 | V82: 小于4次（低频） | W82: =_xlfn.XLOOKUP(M82,匹配表1065!D:D,匹配表1065!F:F)*N82 -> 16
A83: 4月 | B83: 46114 | C83: =MONTH(B83)&TEXT(WEEKNUM(B83,2)-WEEKNUM(B83+1-DAY(B83),2)+1,"月第0周") -> 4月第1周 | D83: 4月第1周 | E83: =D83&"--"&"周"&WEEKDAY(B83,2) -> 4月第1周--周4 | F83: 钟君珊 | G83: 郑家成 | H83: =_xlfn.XLOOKUP(O83,匹配表1065!T:T,匹配表1065!W:W) -> 南京市 | I83: =_xlfn.XLOOKUP(O83,匹配表1065!T:T,匹配表1065!X:X) -> PME2005 | J83: 徐燕 | K83: {=_xlfn.XLOOKUP(J83,匹配表1065!Y:Y,匹配表1065!AA:AB)} -> 3 | L83: 3个月以上 | M83: 3、VM | N83: 1 | O83: =_xlfn.XLOOKUP(P83,匹配表1065!U:U,匹配表1065!T:T) -> HO00000975 | P83: 南京脑科医院 | Q83: 胡秀秀 | R83: =_xlfn.XLOOKUP(Q83,匹配表1065!L:L,匹配表1065!O:O) -> B | S83: =IFERROR(_xlfn.XLOOKUP(Q83,匹配表1065!AI:AI,匹配表1065!AJ:AJ),"绿标") -> 绿标 | T83: {=_xlfn.XLOOKUP(Q83,匹配表1065!L:L,匹配表1065!M:N)} -> 脑血管 | U83: 神经内科 | V83: 4-7次（中频） | W83: =_xlfn.XLOOKUP(M83,匹配表1065!D:D,匹配表1065!F:F)*N83 -> 12
A84: 4月 | B84: 46114 | C84: =MONTH(B84)&TEXT(WEEKNUM(B84,2)-WEEKNUM(B84+1-DAY(B84),2)+1,"月第0周") -> 4月第1周 | D84: 4月第1周 | E84: =D84&"--"&"周"&WEEKDAY(B84,2) -> 4月第1周--周4 | F84: 钟君珊 | G84: 卜先峰 | H84: =_xlfn.XLOOKUP(O84,匹配表1065!T:T,匹配表1065!W:W) -> 合肥市 | I84: =_xlfn.XLOOKUP(O84,匹配表1065!T:T,匹配表1065!X:X) -> PME2007 | J84: 杨胜运 | K84: {=_xlfn.XLOOKUP(J84,匹配表1065!Y:Y,匹配表1065!AA:AB)} -> 9 | L84: 3个月以上 | M84: 1、中频 | N84: 1 | O84: =_xlfn.XLOOKUP(P84,匹配表1065!U:U,匹配表1065!T:T) -> HO00000001 | P84: 安徽医科大学第一附属医院 | Q84: 章娟娟 | R84: =_xlfn.XLOOKUP(Q84,匹配表1065!L:L,匹配表1065!O:O) -> A | S84: =IFERROR(_xlfn.XLOOKUP(Q84,匹配表1065!AI:AI,匹配表1065!AJ:AJ),"绿标") -> 绿标 | T84: {=_xlfn.XLOOKUP(Q84,匹配表1065!L:L,匹配表1065!M:N)} -> 头痛 | U84: 神经内科 | V84: 小于4次（低频） | W84: =_xlfn.XLOOKUP(M84,匹配表1065!D:D,匹配表1065!F:F)*N84 -> 4
A85: 4月 | B85: 46114 | C85: =MONTH(B85)&TEXT(WEEKNUM(B85,2)-WEEKNUM(B85+1-DAY(B85),2)+1,"月第0周") -> 4月第1周 | D85: 4月第1周 | E85: =D85&"--"&"周"&WEEKDAY(B85,2) -> 4月第1周--周4 | F85: 钟君珊 | G85: 卜先峰 | H85: =_xlfn.XLOOKUP(O85,匹配表1065!T:T,匹配表1065!W:W) -> 合肥市 | I85: =_xlfn.XLOOKUP(O85,匹配表1065!T:T,匹配表1065!X:X) -> PME2007 | J85: 杨胜运 | K85: {=_xlfn.XLOOKUP(J85,匹配表1065!Y:Y,匹配表1065!AA:AB)} -> 9 | L85: 3个月以上 | M85: 4、慢偏 | N85: 1 | O85: =_xlfn.XLOOKUP(P85,匹配表1065!U:U,匹配表1065!T:T) -> HO00000001 | P85: 安徽医科大学第一附属医院 | Q85: 汪敬业 | R85: =_xlfn.XLOOKUP(Q85,匹配表1065!L:L,匹配表1065!O:O) -> C | S85: =IFERROR(_xlfn.XLOOKUP(Q85,匹配表1065!AI:AI,匹配表1065!AJ:AJ),"绿标") -> 红标 | T85: {=_xlfn.XLOOKUP(Q85,匹配表1065!L:L,匹配表1065!M:N)} -> 眩晕 | U85: 神经内科 | V85: 大于8次（高频） | W85: =_xlfn.XLOOKUP(M85,匹配表1065!D:D,匹配表1065!F:F)*N85 -> 16
A86: 4月 | B86: 46114 | C86: =MONTH(B86)&TEXT(WEEKNUM(B86,2)-WEEKNUM(B86+1-DAY(B86),2)+1,"月第0周") -> 4月第1周 | D86: 4月第1周 | E86: =D86&"--"&"周"&WEEKDAY(B86,2) -> 4月第1周--周4 | F86: 钟君珊 | G86: 卜先峰 | H86: =_xlfn.XLOOKUP(O86,匹配表1065!T:T,匹配表1065!W:W) -> 合肥市 | I86: =_xlfn.XLOOKUP(O86,匹配表1065!T:T,匹配表1065!X:X) -> PME2047 | J86: 洪剑 | K86: {=_xlfn.XLOOKUP(J86,匹配表1065!Y:Y,匹配表1065!AA:AB)} -> 2 | L86: 3个月以内 | M86: 1、中频 | N86: 1 | O86: =_xlfn.XLOOKUP(P86,匹配表1065!U:U,匹配表1065!T:T) -> HO00000005 | P86: 安徽省立医院 | Q86: 桂韦 | R86: =_xlfn.XLOOKUP(Q86,匹配表1065!L:L,匹配表1065!O:O) -> A | S86: =IFERROR(_xlfn.XLOOKUP(Q86,匹配表1065!AI:AI,匹配表1065!AJ:AJ),"绿标") -> 黑标 | T86: {=_xlfn.XLOOKUP(Q86,匹配表1065!L:L,匹配表1065!M:N)} -> 头痛 | U86: 神经内科 | V86: 小于4次（低频） | W86: =_xlfn.XLOOKUP(M86,匹配表1065!D:D,匹配表1065!F:F)*N86 -> 4
A87: 4月 | B87: 46114 | C87: =MONTH(B87)&TEXT(WEEKNUM(B87,2)-WEEKNUM(B87+1-DAY(B87),2)+1,"月第0周") -> 4月第1周 | D87: 4月第1周 | E87: =D87&"--"&"周"&WEEKDAY(B87,2) -> 4月第1周--周4 | F87: 钟君珊 | G87: 卜先峰 | H87: =_xlfn.XLOOKUP(O87,匹配表1065!T:T,匹配表1065!W:W) -> 合肥市 | I87: =_xlfn.XLOOKUP(O87,匹配表1065!T:T,匹配表1065!X:X) -> PME2047 | J87: 洪剑 | K87: {=_xlfn.XLOOKUP(J87,匹配表1065!Y:Y,匹配表1065!AA:AB)} -> 2 | L87: 3个月以内 | M87: 1、中频 | N87: 1 | O87: =_xlfn.XLOOKUP(P87,匹配表1065!U:U,匹配表1065!T:T) -> HO00000005 | P87: 安徽省立医院 | Q87: 桂韦 | R87: =_xlfn.XLOOKUP(Q87,匹配表1065!L:L,匹配表1065!O:O) -> A | S87: =IFERROR(_xlfn.XLOOKUP(Q87,匹配表1065!AI:AI,匹配表1065!AJ:AJ),"绿标") -> 黑标 | T87: {=_xlfn.XLOOKUP(Q87,匹配表1065!L:L,匹配表1065!M:N)} -> 头痛 | U87: 神经内科 | V87: 小于4次（低频） | W87: =_xlfn.XLOOKUP(M87,匹配表1065!D:D,匹配表1065!F:F)*N87 -> 4
A88: 4月 | B88: 46114 | C88: =MONTH(B88)&TEXT(WEEKNUM(B88,2)-WEEKNUM(B88+1-DAY(B88),2)+1,"月第0周") -> 4月第1周 | D88: 4月第1周 | E88: =D88&"--"&"周"&WEEKDAY(B88,2) -> 4月第1周--周4 | F88: 钟君珊 | G88: 孟鈃 | H88: =_xlfn.XLOOKUP(O88,匹配表1065!T:T,匹配表1065!W:W) -> 南京市 | I88: =_xlfn.XLOOKUP(O88,匹配表1065!T:T,匹配表1065!X:X) -> PME2001 | J88: 王方方 | K88: {=_xlfn.XLOOKUP(J88,匹配表1065!Y:Y,匹配表1065!AA:AB)} -> 31 | L88: 3个月以上 | M88: 3、VM | N88: 3 | O88: =_xlfn.XLOOKUP(P88,匹配表1065!U:U,匹配表1065!T:T) -> HO00000958 | P88: 江苏省人民医院 | Q88: 王登元 | R88: =_xlfn.XLOOKUP(Q88,匹配表1065!L:L,匹配表1065!O:O) -> C | S88: =IFERROR(_xlfn.XLOOKUP(Q88,匹配表1065!AI:AI,匹配表1065!AJ:AJ),"绿标") -> 红标 | T88: {=_xlfn.XLOOKUP(Q88,匹配表1065!L:L,匹配表1065!M:N)} -> 眩晕 | U88: 耳鼻喉科 | V88: 焦虑抑郁共病 | W88: =_xlfn.XLOOKUP(M88,匹配表1065!D:D,匹配表1065!F:F)*N88 -> 36
A89: 4月 | B89: 46114 | C89: =MONTH(B89)&TEXT(WEEKNUM(B89,2)-WEEKNUM(B89+1-DAY(B89),2)+1,"月第0周") -> 4月第1周 | D89: 4月第1周 | E89: =D89&"--"&"周"&WEEKDAY(B89,2) -> 4月第1周--周4 | F89: 钟君珊 | G89: 孟鈃 | H89: =_xlfn.XLOOKUP(O89,匹配表1065!T:T,匹配表1065!W:W) -> 南京市 | I89: =_xlfn.XLOOKUP(O89,匹配表1065!T:T,匹配表1065!X:X) -> PME2001 | J89: 王方方 | K89: {=_xlfn.XLOOKUP(J89,匹配表1065!Y:Y,匹配表1065!AA:AB)} -> 31 | L89: 3个月以上 | M89: 1、中频 | N89: 1 | O89: =_xlfn.XLOOKUP(P89,匹配表1065!U:U,匹配表1065!T:T) -> HO00000958 | P89: 江苏省人民医院 | Q89: 赵晓埝 | R89: =_xlfn.XLOOKUP(Q89,匹配表1065!L:L,匹配表1065!O:O) -> C | S89: =IFERROR(_xlfn.XLOOKUP(Q89,匹配表1065!AI:AI,匹配表1065!AJ:AJ),"绿标") -> 绿标 | T89: {=_xlfn.XLOOKUP(Q89,匹配表1065!L:L,匹配表1065!M:N)} -> 眩晕 | U89: 耳鼻喉科 | V89: 焦虑抑郁共病 | W89: =_xlfn.XLOOKUP(M89,匹配表1065!D:D,匹配表1065!F:F)*N89 -> 4
A90: 4月 | B90: 46114 | C90: =MONTH(B90)&TEXT(WEEKNUM(B90,2)-WEEKNUM(B90+1-DAY(B90),2)+1,"月第0周") -> 4月第1周 | D90: 4月第1周 | E90: =D90&"--"&"周"&WEEKDAY(B90,2) -> 4月第1周--周4 | F90: 钟君珊 | G90: 孟鈃 | H90: =_xlfn.XLOOKUP(O90,匹配表1065!T:T,匹配表1065!W:W) -> 南京市 | I90: =_xlfn.XLOOKUP(O90,匹配表1065!T:T,匹配表1065!X:X) -> PME2001 | J90: 王方方 | K90: {=_xlfn.XLOOKUP(J90,匹配表1065!Y:Y,匹配表1065!AA:AB)} -> 31 | L90: 3个月以上 | M90: 2、高频 | N90: 1 | O90: =_xlfn.XLOOKUP(P90,匹配表1065!U:U,匹配表1065!T:T) -> HO00000958 | P90: 江苏省人民医院 | Q90: 顾萍 | R90: =_xlfn.XLOOKUP(Q90,匹配表1065!L:L,匹配表1065!O:O) -> A | S90: =IFERROR(_xlfn.XLOOKUP(Q90,匹配表1065!AI:AI,匹配表1065!AJ:AJ),"绿标") -> 红标 | T90: {=_xlfn.XLOOKUP(Q90,匹配表1065!L:L,匹配表1065!M:N)} -> 头痛 | U90: 神经内科 | V90: 小于4次（低频） | W90: =_xlfn.XLOOKUP(M90,匹配表1065!D:D,匹配表1065!F:F)*N90 -> 8
A91: 4月 | B91: 46114 | C91: =MONTH(B91)&TEXT(WEEKNUM(B91,2)-WEEKNUM(B91+1-DAY(B91),2)+1,"月第0周") -> 4月第1周 | D91: 4月第1周 | E91: =D91&"--"&"周"&WEEKDAY(B91,2) -> 4月第1周--周4 | F91: 钟君珊 | G91: 孟鈃 | H91: =_xlfn.XLOOKUP(O91,匹配表1065!T:T,匹配表1065!W:W) -> 淮安市 | I91: =_xlfn.XLOOKUP(O91,匹配表1065!T:T,匹配表1065!X:X) -> PME2041 | J91: 徐自豪 | K91: {=_xlfn.XLOOKUP(J91,匹配表1065!Y:Y,匹配表1065!AA:AB)} -> 5 | L91: 3个月以上 | M91: 1、中频 | N91: 1 | O91: =_xlfn.XLOOKUP(P91,匹配表1065!U:U,匹配表1065!T:T) -> HO00000992 | P91: 淮安市第一人民医院 | Q91: 蔡诗昆 | R91: =_xlfn.XLOOKUP(Q91,匹配表1065!L:L,匹配表1065!O:O) -> D | S91: =IFERROR(_xlfn.XLOOKUP(Q91,匹配表1065!AI:AI,匹配表1065!AJ:AJ),"绿标") -> 绿标 | T91: {=_xlfn.XLOOKUP(Q91,匹配表1065!L:L,匹配表1065!M:N)} -> 眩晕 | U91: 神经内科 | V91: 小于4次（低频） | W91: =_xlfn.XLOOKUP(M91,匹配表1065!D:D,匹配表1065!F:F)*N91 -> 4
... A154: 4月 | B154: 46115 | C154: =MONTH(B154)&TEXT(WEEKNUM(B154,2)-WEEKNUM(B154+1-DAY(B154),2)+1,"月第0周") -> 4月第1周 | D154: 4月第1周 | E154: =D154&"--"&"周"&WEEKDAY(B154,2) -> 4月第1周--周5 | F154: 钟君珊 | G154: 郑家成 | H154: =_xlfn.XLOOKUP(O154,匹配表1065!T:T,匹配表1065!W:W) -> 扬州市 | I154: =_xlfn.XLOOKUP(O154,匹配表1065!T:T,匹配表1065!X:X) -> PME2012 | J154: 高佳怡 | K154: {=_xlfn.XLOOKUP(J154,匹配表1065!Y:Y,匹配表1065!AA:AB)} -> 13 | L154: 3个月以上 | M154: 2、高频 | N154: 1 | O154: =_xlfn.XLOOKUP(P154,匹配表1065!U:U,匹配表1065!T:T) -> HO00000968 | P154: 江苏省苏北人民医院 | Q154: 刘筱洁 | R154: =_xlfn.XLOOKUP(Q154,匹配表1065!L:L,匹配表1065!O:O) -> B | S154: =IFERROR(_xlfn.XLOOKUP(Q154,匹配表1065!AI:AI,匹配表1065!AJ:AJ),"绿标") -> 绿标 | T154: {=_xlfn.XLOOKUP(Q154,匹配表1065!L:L,匹配表1065!M:N)} -> 脑血管 | U154: 神经内科 | V154: 4-7次（中频） | W154: =_xlfn.XLOOKUP(M154,匹配表1065!D:D,匹配表1065!F:F)*N154 -> 8
A155: 4月 | B155: 46115 | C155: =MONTH(B155)&TEXT(WEEKNUM(B155,2)-WEEKNUM(B155+1-DAY(B155),2)+1,"月第0周") -> 4月第1周 | D155: 4月第1周 | E155: =D155&"--"&"周"&WEEKDAY(B155,2) -> 4月第1周--周5 | F155: 钟君珊 | G155: 郑家成 | H155: =_xlfn.XLOOKUP(O155,匹配表1065!T:T,匹配表1065!W:W) -> 南京市 | I155: =_xlfn.XLOOKUP(O155,匹配表1065!T:T,匹配表1065!X:X) -> PME2040 | J155: 王玉婷 | K155: {=_xlfn.XLOOKUP(J155,匹配表1065!Y:Y,匹配表1065!AA:AB)} -> #N/A | M155: 2、高频 | N155: 1 | O155: =_xlfn.XLOOKUP(P155,匹配表1065!U:U,匹配表1065!T:T) -> HO00000966 | P155: 南京医科大学第二附属医院 | Q155: 张鹏 | R155: =_xlfn.XLOOKUP(Q155,匹配表1065!L:L,匹配表1065!O:O) -> A | S155: =IFERROR(_xlfn.XLOOKUP(Q155,匹配表1065!AI:AI,匹配表1065!AJ:AJ),"绿标") -> 绿标 | T155: {=_xlfn.XLOOKUP(Q155,匹配表1065!L:L,匹配表1065!M:N)} -> 头痛 | U155: 神经内科 | V155: 4-7次（中频） | W155: =_xlfn.XLOOKUP(M155,匹配表1065!D:D,匹配表1065!F:F)*N155 -> 8
A156: 4月 | B156: 46115 | C156: =MONTH(B156)&TEXT(WEEKNUM(B156,2)-WEEKNUM(B156+1-DAY(B156),2)+1,"月第0周") -> 4月第1周 | D156: 4月第1周 | E156: =D156&"--"&"周"&WEEKDAY(B156,2) -> 4月第1周--周5 | F156: 钟君珊 | G156: 孟鈃 | H156: =_xlfn.XLOOKUP(O156,匹配表1065!T:T,匹配表1065!W:W) -> 南京市 | I156: =_xlfn.XLOOKUP(O156,匹配表1065!T:T,匹配表1065!X:X) -> PME2001 | J156: 王方方 | K156: {=_xlfn.XLOOKUP(J156,匹配表1065!Y:Y,匹配表1065!AA:AB)} -> 31 | L156: 3个月以上 | M156: 3、VM | N156: 3 | O156: =_xlfn.XLOOKUP(P156,匹配表1065!U:U,匹配表1065!T:T) -> HO00000958 | P156: 江苏省人民医院 | Q156: 顾萍 | R156: =_xlfn.XLOOKUP(Q156,匹配表1065!L:L,匹配表1065!O:O) -> A | S156: =IFERROR(_xlfn.XLOOKUP(Q156,匹配表1065!AI:AI,匹配表1065!AJ:AJ),"绿标") -> 红标 | T156: {=_xlfn.XLOOKUP(Q156,匹配表1065!L:L,匹配表1065!M:N)} -> 头痛 | U156: 神经内科 | V156: 大于8次（高频） | W156: =_xlfn.XLOOKUP(M156,匹配表1065!D:D,匹配表1065!F:F)*N156 -> 36
A157: 4月 | B157: 46115 | C157: =MONTH(B157)&TEXT(WEEKNUM(B157,2)-WEEKNUM(B157+1-DAY(B157),2)+1,"月第0周") -> 4月第1周 | D157: 4月第1周 | E157: =D157&"--"&"周"&WEEKDAY(B157,2) -> 4月第1周--周5 | F157: 钟君珊 | G157: 孟鈃 | H157: =_xlfn.XLOOKUP(O157,匹配表1065!T:T,匹配表1065!W:W) -> 南京市 | I157: =_xlfn.XLOOKUP(O157,匹配表1065!T:T,匹配表1065!X:X) -> PME2001 | J157: 王方方 | K157: {=_xlfn.XLOOKUP(J157,匹配表1065!Y:Y,匹配表1065!AA:AB)} -> 31 | L157: 3个月以上 | M157: 1、中频 | N157: 1 | O157: =_xlfn.XLOOKUP(P157,匹配表1065!U:U,匹配表1065!T:T) -> HO00000958 | P157: 江苏省人民医院 | Q157: 顾萍 | R157: =_xlfn.XLOOKUP(Q157,匹配表1065!L:L,匹配表1065!O:O) -> A | S157: =IFERROR(_xlfn.XLOOKUP(Q157,匹配表1065!AI:AI,匹配表1065!AJ:AJ),"绿标") -> 红标 | T157: {=_xlfn.XLOOKUP(Q157,匹配表1065!L:L,匹配表1065!M:N)} -> 头痛 | U157: 神经内科 | V157: 小于4次（低频） | W157: =_xlfn.XLOOKUP(M157,匹配表1065!D:D,匹配表1065!F:F)*N157 -> 4
A158: 4月 | B158: 46115 | C158: =MONTH(B158)&TEXT(WEEKNUM(B158,2)-WEEKNUM(B158+1-DAY(B158),2)+1,"月第0周") -> 4月第1周 | D158: 4月第1周 | E158: =D158&"--"&"周"&WEEKDAY(B158,2) -> 4月第1周--周5 | F158: 钟君珊 | G158: 孟鈃 | H158: =_xlfn.XLOOKUP(O158,匹配表1065!T:T,匹配表1065!W:W) -> 淮安市 | I158: =_xlfn.XLOOKUP(O158,匹配表1065!T:T,匹配表1065!X:X) -> PME2041 | J158: 徐自豪 | K158: {=_xlfn.XLOOKUP(J158,匹配表1065!Y:Y,匹配表1065!AA:AB)} -> 5 | L158: 3个月以上 | M158: 1、中频 | N158: 1 | O158: =_xlfn.XLOOKUP(P158,匹配表1065!U:U,匹配表1065!T:T) -> HO00000992 | P158: 淮安市第一人民医院 | Q158: 蔡诗昆 | R158: =_xlfn.XLOOKUP(Q158,匹配表1065!L:L,匹配表1065!O:O) -> D | S158: =IFERROR(_xlfn.XLOOKUP(Q158,匹配表1065!AI:AI,匹配表1065!AJ:AJ),"绿标") -> 绿标 | T158: {=_xlfn.XLOOKUP(Q158,匹配表1065!L:L,匹配表1065!M:N)} -> 眩晕 | U158: 神经内科 | V158: 小于4次（低频） | W158: =_xlfn.XLOOKUP(M158,匹配表1065!D:D,匹配表1065!F:F)*N158 -> 4
A159: 4月 | B159: 46115 | C159: =MONTH(B159)&TEXT(WEEKNUM(B159,2)-WEEKNUM(B159+1-DAY(B159),2)+1,"月第0周") -> 4月第1周 | D159: 4月第1周 | E159: =D159&"--"&"周"&WEEKDAY(B159,2) -> 4月第1周--周5 | F159: 钟君珊 | G159: 孟鈃 | H159: =_xlfn.XLOOKUP(O159,匹配表1065!T:T,匹配表1065!W:W) -> 南京市 | I159: =_xlfn.XLOOKUP(O159,匹配表1065!T:T,匹配表1065!X:X) -> PME2001 | J159: 芦晓辉 | K159: {=_xlfn.XLOOKUP(J159,匹配表1065!Y:Y,匹配表1065!AA:AB)} -> 8 | L159: 3个月以上 | M159: 3、VM | N159: 1 | O159: =_xlfn.XLOOKUP(P159,匹配表1065!U:U,匹配表1065!T:T) -> HO00000958 | P159: 江苏省人民医院 | Q159: 燕兰云 | R159: =_xlfn.XLOOKUP(Q159,匹配表1065!L:L,匹配表1065!O:O) -> A | S159: =IFERROR(_xlfn.XLOOKUP(Q159,匹配表1065!AI:AI,匹配表1065!AJ:AJ),"绿标") -> 红标 | T159: {=_xlfn.XLOOKUP(Q159,匹配表1065!L:L,匹配表1065!M:N)} -> 头痛 | U159: 神经内科 | V159: 小于4次（低频） | W159: =_xlfn.XLOOKUP(M159,匹配表1065!D:D,匹配表1065!F:F)*N159 -> 12
A160: 4月 | B160: 46115 | C160: =MONTH(B160)&TEXT(WEEKNUM(B160,2)-WEEKNUM(B160+1-DAY(B160),2)+1,"月第0周") -> 4月第1周 | D160: 4月第1周 | E160: =D160&"--"&"周"&WEEKDAY(B160,2) -> 4月第1周--周5 | F160: 钟君珊 | G160: 孟鈃 | H160: =_xlfn.XLOOKUP(O160,匹配表1065!T:T,匹配表1065!W:W) -> 连云港市 | I160: =_xlfn.XLOOKUP(O160,匹配表1065!T:T,匹配表1065!X:X) -> PME2042 | J160: 黄燕儿 | K160: {=_xlfn.XLOOKUP(J160,匹配表1065!Y:Y,匹配表1065!AA:AB)} -> 7 | L160: 3个月以上 | M160: 1、中频 | N160: 1 | O160: =_xlfn.XLOOKUP(P160,匹配表1065!U:U,匹配表1065!T:T) -> HO00001004 | P160: 连云港市第一人民医院 | Q160: 孙永安 | R160: =_xlfn.XLOOKUP(Q160,匹配表1065!L:L,匹配表1065!O:O) -> B | S160: =IFERROR(_xlfn.XLOOKUP(Q160,匹配表1065!AI:AI,匹配表1065!AJ:AJ),"绿标") -> 绿标 | T160: {=_xlfn.XLOOKUP(Q160,匹配表1065!L:L,匹配表1065!M:N)} -> 脑血管 | U160: 神经内科 | V160: CM/MOH | W160: =_xlfn.XLOOKUP(M160,匹配表1065!D:D,匹配表1065!F:F)*N160 -> 4
A161: 4月 | B161: 46115 | C161: =MONTH(B161)&TEXT(WEEKNUM(B161,2)-WEEKNUM(B161+1-DAY(B161),2)+1,"月第0周") -> 4月第1周 | D161: 4月第1周 | E161: =D161&"--"&"周"&WEEKDAY(B161,2) -> 4月第1周--周5 | F161: 钟君珊 | G161: 孟鈃 | H161: =_xlfn.XLOOKUP(O161,匹配表1065!T:T,匹配表1065!W:W) -> 徐州市 | I161: =_xlfn.XLOOKUP(O161,匹配表1065!T:T,匹配表1065!X:X) -> PME2008 | J161: 章智程 | K161: {=_xlfn.XLOOKUP(J161,匹配表1065!Y:Y,匹配表1065!AA:AB)} -> 19 | L161: 3个月以上 | M161: 2、高频 | N161: 1 | O161: =_xlfn.XLOOKUP(P161,匹配表1065!U:U,匹配表1065!T:T) -> HO00001134 | P161: 徐州矿务集团总医院暨徐州医科大学院第二附属医院 | Q161: 范后宝 | R161: =_xlfn.XLOOKUP(Q161,匹配表1065!L:L,匹配表1065!O:O) -> D | S161: =IFERROR(_xlfn.XLOOKUP(Q161,匹配表1065!AI:AI,匹配表1065!AJ:AJ),"绿标") -> 红标 | T161: {=_xlfn.XLOOKUP(Q161,匹配表1065!L:L,匹配表1065!M:N)} -> 疼痛 | U161: 疼痛科 | V161: CM/MOH | W161: =_xlfn.XLOOKUP(M161,匹配表1065!D:D,匹配表1065!F:F)*N161 -> 8
A162: 4月 | B162: 46115 | C162: =MONTH(B162)&TEXT(WEEKNUM(B162,2)-WEEKNUM(B162+1-DAY(B162),2)+1,"月第0周") -> 4月第1周 | D162: 4月第1周 | E162: =D162&"--"&"周"&WEEKDAY(B162,2) -> 4月第1周--周5 | F162: 钟君珊 | G162: 孟鈃 | H162: =_xlfn.XLOOKUP(O162,匹配表1065!T:T,匹配表1065!W:W) -> 南京市 | I162: =_xlfn.XLOOKUP(O162,匹配表1065!T:T,匹配表1065!X:X) -> PME2002 | J162: 罗世懿 | K162: {=_xlfn.XLOOKUP(J162,匹配表1065!Y:Y,匹配表1065!AA:AB)} -> 31 | L162: 3个月以上 | M162: 3、VM | N162: 4 | O162: =_xlfn.XLOOKUP(P162,匹配表1065!U:U,匹配表1065!T:T) -> HO00000964 | P162: 南京鼓楼医院 | Q162: 张清秀 | R162: =_xlfn.XLOOKUP(Q162,匹配表1065!L:L,匹配表1065!O:O) -> A | S162: =IFERROR(_xlfn.XLOOKUP(Q162,匹配表1065!AI:AI,匹配表1065!AJ:AJ),"绿标") -> 红标 | T162: {=_xlfn.XLOOKUP(Q162,匹配表1065!L:L,匹配表1065!M:N)} -> 头痛 | U162: 神经内科 | V162: 焦虑抑郁共病 | W162: =_xlfn.XLOOKUP(M162,匹配表1065!D:D,匹配表1065!F:F)*N162 -> 48
A163: 4月 | B163: 46115 | C163: =MONTH(B163)&TEXT(WEEKNUM(B163,2)-WEEKNUM(B163+1-DAY(B163),2)+1,"月第0周") -> 4月第1周 | D163: 4月第1周 | E163: =D163&"--"&"周"&WEEKDAY(B163,2) -> 4月第1周--周5 | F163: 钟君珊 | G163: 孟鈃 | H163: =_xlfn.XLOOKUP(O163,匹配表1065!T:T,匹配表1065!W:W) -> 南京市 | I163: =_xlfn.XLOOKUP(O163,匹配表1065!T:T,匹配表1065!X:X) -> PME2002 | J163: 罗世懿 | K163: {=_xlfn.XLOOKUP(J163,匹配表1065!Y:Y,匹配表1065!AA:AB)} -> 31 | L163: 3个月以上 | M163: 1、中频 | N163: 1 | O163: =_xlfn.XLOOKUP(P163,匹配表1065!U:U,匹配表1065!T:T) -> HO00000964 | P163: 南京鼓楼医院 | Q163: 张清秀 | R163: =_xlfn.XLOOKUP(Q163,匹配表1065!L:L,匹配表1065!O:O) -> A | S163: =IFERROR(_xlfn.XLOOKUP(Q163,匹配表1065!AI:AI,匹配表1065!AJ:AJ),"绿标") -> 红标 | T163: {=_xlfn.XLOOKUP(Q163,匹配表1065!L:L,匹配表1065!M:N)} -> 头痛 | U163: 神经内科 | V163: 小于4次（低频） | W163: =_xlfn.XLOOKUP(M163,匹配表1065!D:D,匹配表1065!F:F)*N163 -> 4
A164: 4月 | B164: 46115 | C164: =MONTH(B164)&TEXT(WEEKNUM(B164,2)-WEEKNUM(B164+1-DAY(B164),2)+1,"月第0周") -> 4月第1周 | D164: 4月第1周 | E164: =D164&"--"&"周"&WEEKDAY(B164,2) -> 4月第1周--周5 | F164: 钟君珊 | G164: 孟鈃 | H164: =_xlfn.XLOOKUP(O164,匹配表1065!T:T,匹配表1065!W:W) -> 南京市 | I164: =_xlfn.XLOOKUP(O164,匹配表1065!T:T,匹配表1065!X:X) -> PME2002 | J164: 罗世懿 | K164: {=_xlfn.XLOOKUP(J164,匹配表1065!Y:Y,匹配表1065!AA:AB)} -> 31 | L164: 3个月以上 | M164: 3、VM | N164: 1 | O164: =_xlfn.XLOOKUP(P164,匹配表1065!U:U,匹配表1065!T:T) -> HO00039936 | P164: 南京明基医院有限公司 | Q164: 杜丽 | R164: =_xlfn.XLOOKUP(Q164,匹配表1065!L:L,匹配表1065!O:O) -> B | S164: =IFERROR(_xlfn.XLOOKUP(Q164,匹配表1065!AI:AI,匹配表1065!AJ:AJ),"绿标") -> 红标 | T164: {=_xlfn.XLOOKUP(Q164,匹配表1065!L:L,匹配表1065!M:N)} -> 癫痫 | U164: 神经内科 | V164: CM/MOH | W164: =_xlfn.XLOOKUP(M164,匹配表1065!D:D,匹配表1065!F:F)*N164 -> 12
A165: 4月 | B165: 46115 | C165: =MONTH(B165)&TEXT(WEEKNUM(B165,2)-WEEKNUM(B165+1-DAY(B165),2)+1,"月第0周") -> 4月第1周 | D165: 4月第1周 | E165: =D165&"--"&"周"&WEEKDAY(B165,2) -> 4月第1周--周5 | F165: 钟君珊 | G165: 孟鈃 | H165: =_xlfn.XLOOKUP(O165,匹配表1065!T:T,匹配表1065!W:W) -> 南京市 | I165: =_xlfn.XLOOKUP(O165,匹配表1065!T:T,匹配表1065!X:X) -> PME2002 | J165: 罗世懿 | K165: {=_xlfn.XLOOKUP(J165,匹配表1065!Y:Y,匹配表1065!AA:AB)} -> 31 | L165: 3个月以上 | M165: 1、中频 | N165: 1 | O165: =_xlfn.XLOOKUP(P165,匹配表1065!U:U,匹配表1065!T:T) -> HO00000964 | P165: 南京鼓楼医院 | Q165: 韩影 | R165: =_xlfn.XLOOKUP(Q165,匹配表1065!L:L,匹配表1065!O:O) -> D | S165: =IFERROR(_xlfn.XLOOKUP(Q165,匹配表1065!AI:AI,匹配表1065!AJ:AJ),"绿标") -> 红标 | T165: {=_xlfn.XLOOKUP(Q165,匹配表1065!L:L,匹配表1065!M:N)} -> 疼痛 | U165: 疼痛科 | V165: 小于4次（低频） | W165: =_xlfn.XLOOKUP(M165,匹配表1065!D:D,匹配表1065!F:F)*N165 -> 4
A166: 4月 | B166: 46115 | C166: =MONTH(B166)&TEXT(WEEKNUM(B166,2)-WEEKNUM(B166+1-DAY(B166),2)+1,"月第0周") -> 4月第1周 | D166: 4月第1周 | E166: =D166&"--"&"周"&WEEKDAY(B166,2) -> 4月第1周--周5 | F166: 钟君珊 | G166: 卜先峰 | H166: =_xlfn.XLOOKUP(O166,匹配表1065!T:T,匹配表1065!W:W) -> 合肥市 | I166: =_xlfn.XLOOKUP(O166,匹配表1065!T:T,匹配表1065!X:X) -> PME2007 | J166: 杨胜运 | K166: {=_xlfn.XLOOKUP(J166,匹配表1065!Y:Y,匹配表1065!AA:AB)} -> 9 | L166: 3个月以上 | M166: 2、高频 | N166: 1 | O166: =_xlfn.XLOOKUP(P166,匹配表1065!U:U,匹配表1065!T:T) -> HO00000001 | P166: 安徽医科大学第一附属医院 | Q166: 王玉 | R166: =_xlfn.XLOOKUP(Q166,匹配表1065!L:L,匹配表1065!O:O) -> A | S166: =IFERROR(_xlfn.XLOOKUP(Q166,匹配表1065!AI:AI,匹配表1065!AJ:AJ),"绿标") -> 绿标 | T166: {=_xlfn.XLOOKUP(Q166,匹配表1065!L:L,匹配表1065!M:N)} -> 头痛 | U166: 神经内科 | V166: 大于8次（高频） | W166: =_xlfn.XLOOKUP(M166,匹配表1065!D:D,匹配表1065!F:F)*N166 -> 8
A167: 4月 | B167: 46115 | C167: =MONTH(B167)&TEXT(WEEKNUM(B167,2)-WEEKNUM(B167+1-DAY(B167),2)+1,"月第0周") -> 4月第1周 | D167: 4月第1周 | E167: =D167&"--"&"周"&WEEKDAY(B167,2) -> 4月第1周--周5 | F167: 钟君珊 | G167: 卜先峰 | H167: =_xlfn.XLOOKUP(O167,匹配表1065!T:T,匹配表1065!W:W) -> 合肥市 | I167: =_xlfn.XLOOKUP(O167,匹配表1065!T:T,匹配表1065!X:X) -> PME2048 | J167: 杨胜运 | K167: {=_xlfn.XLOOKUP(J167,匹配表1065!Y:Y,匹配表1065!AA:AB)} -> 9 | L167: 3个月以上 | M167: 1、中频 | N167: 1 | O167: =_xlfn.XLOOKUP(P167,匹配表1065!U:U,匹配表1065!T:T) -> HO00002956 | P167: 安徽医科大学第一附属医院南区 | Q167: 赵丽 | R167: =_xlfn.XLOOKUP(Q167,匹配表1065!L:L,匹配表1065!O:O) -> D | S167: =IFERROR(_xlfn.XLOOKUP(Q167,匹配表1065!AI:AI,匹配表1065!AJ:AJ),"绿标") -> 绿标 | T167: {=_xlfn.XLOOKUP(Q167,匹配表1065!L:L,匹配表1065!M:N)} -> 疼痛 | U167: 疼痛科 | V167: 小于4次（低频） | W167: =_xlfn.XLOOKUP(M167,匹配表1065!D:D,匹配表1065!F:F)*N167 -> 4
... A260: 4月 | B260: 46118 | C260: =MONTH(B260)&TEXT(WEEKNUM(B260,2)-WEEKNUM(B260+1-DAY(B260),2)+1,"月第0周") -> 4月第2周 | D260: 4月第2周 | E260: =D260&"--"&"周"&WEEKDAY(B260,2) -> 4月第2周--周1 | F260: 钟君珊 | G260: 郑家成 | H260: =_xlfn.XLOOKUP(O260,匹配表1065!T:T,匹配表1065!W:W) -> 南京市 | I260: =_xlfn.XLOOKUP(O260,匹配表1065!T:T,匹配表1065!X:X) -> PME2004 | J260: 杨帆 | K260: {=_xlfn.XLOOKUP(J260,匹配表1065!Y:Y,匹配表1065!AA:AB)} -> 11 | L260: 3个月以上 | M260: 1、中频 | N260: 1 | O260: =_xlfn.XLOOKUP(P260,匹配表1065!U:U,匹配表1065!T:T) -> HO00001017 | P260: 南京市江宁医院 | Q260: 王华梅 | R260: =_xlfn.XLOOKUP(Q260,匹配表1065!L:L,匹配表1065!O:O) -> B | S260: =IFERROR(_xlfn.XLOOKUP(Q260,匹配表1065!AI:AI,匹配表1065!AJ:AJ),"绿标") -> 绿标 | T260: {=_xlfn.XLOOKUP(Q260,匹配表1065!L:L,匹配表1065!M:N)} -> 脑血管 | U260: 神经内科 | V260: 4-7次（中频） | W260: =_xlfn.XLOOKUP(M260,匹配表1065!D:D,匹配表1065!F:F)*N260 -> 4
A261: 4月 | B261: 46118 | C261: =MONTH(B261)&TEXT(WEEKNUM(B261,2)-WEEKNUM(B261+1-DAY(B261),2)+1,"月第0周") -> 4月第2周 | D261: 4月第2周 | E261: =D261&"--"&"周"&WEEKDAY(B261,2) -> 4月第2周--周1 | F261: 钟君珊 | G261: 郑家成 | H261: =_xlfn.XLOOKUP(O261,匹配表1065!T:T,匹配表1065!W:W) -> 南京市 | I261: =_xlfn.XLOOKUP(O261,匹配表1065!T:T,匹配表1065!X:X) -> PME2040 | J261: 王玉婷 | K261: {=_xlfn.XLOOKUP(J261,匹配表1065!Y:Y,匹配表1065!AA:AB)} -> #N/A | M261: 1、中频 | N261: 1 | O261: =_xlfn.XLOOKUP(P261,匹配表1065!U:U,匹配表1065!T:T) -> HO00000966 | P261: 南京医科大学第二附属医院 | Q261: 潘凤华 | R261: =_xlfn.XLOOKUP(Q261,匹配表1065!L:L,匹配表1065!O:O) -> A | S261: =IFERROR(_xlfn.XLOOKUP(Q261,匹配表1065!AI:AI,匹配表1065!AJ:AJ),"绿标") -> 绿标 | T261: {=_xlfn.XLOOKUP(Q261,匹配表1065!L:L,匹配表1065!M:N)} -> 头痛 | U261: 神经内科 | V261: 焦虑抑郁共病 | W261: =_xlfn.XLOOKUP(M261,匹配表1065!D:D,匹配表1065!F:F)*N261 -> 4
A262: 4月 | B262: 46118 | C262: =MONTH(B262)&TEXT(WEEKNUM(B262,2)-WEEKNUM(B262+1-DAY(B262),2)+1,"月第0周") -> 4月第2周 | D262: 4月第2周 | E262: =D262&"--"&"周"&WEEKDAY(B262,2) -> 4月第2周--周1 | F262: 钟君珊 | G262: 郑家成 | H262: =_xlfn.XLOOKUP(O262,匹配表1065!T:T,匹配表1065!W:W) -> 扬州市 | I262: =_xlfn.XLOOKUP(O262,匹配表1065!T:T,匹配表1065!X:X) -> PME2012 | J262: 高佳怡 | K262: {=_xlfn.XLOOKUP(J262,匹配表1065!Y:Y,匹配表1065!AA:AB)} -> 13 | L262: 3个月以上 | M262: 1、中频 | N262: 1 | O262: =_xlfn.XLOOKUP(P262,匹配表1065!U:U,匹配表1065!T:T) -> HO00000968 | P262: 江苏省苏北人民医院 | Q262: 陈兰兰 | R262: =_xlfn.XLOOKUP(Q262,匹配表1065!L:L,匹配表1065!O:O) -> A | S262: =IFERROR(_xlfn.XLOOKUP(Q262,匹配表1065!AI:AI,匹配表1065!AJ:AJ),"绿标") -> 红标 | T262: {=_xlfn.XLOOKUP(Q262,匹配表1065!L:L,匹配表1065!M:N)} -> 头痛 | U262: 神经内科 | V262: 4-7次（中频） | W262: =_xlfn.XLOOKUP(M262,匹配表1065!D:D,匹配表1065!F:F)*N262 -> 4
A263: 4月 | B263: 46119 | C263: =MONTH(B263)&TEXT(WEEKNUM(B263,2)-WEEKNUM(B263+1-DAY(B263),2)+1,"月第0周") -> 4月第2周 | D263: 4月第2周 | E263: =D263&"--"&"周"&WEEKDAY(B263,2) -> 4月第2周--周2 | F263: 钟君珊 | G263: 卜先峰 | H263: =_xlfn.XLOOKUP(O263,匹配表1065!T:T,匹配表1065!W:W) -> 合肥市 | I263: =_xlfn.XLOOKUP(O263,匹配表1065!T:T,匹配表1065!X:X) -> PME2007 | J263: 杨胜运 | K263: {=_xlfn.XLOOKUP(J263,匹配表1065!Y:Y,匹配表1065!AA:AB)} -> 9 | L263: 3个月以上 | M263: 3、VM | N263: 1 | O263: =_xlfn.XLOOKUP(P263,匹配表1065!U:U,匹配表1065!T:T) -> HO00000001 | P263: 安徽医科大学第一附属医院 | Q263: 汪敬业 | R263: =_xlfn.XLOOKUP(Q263,匹配表1065!L:L,匹配表1065!O:O) -> C | S263: =IFERROR(_xlfn.XLOOKUP(Q263,匹配表1065!AI:AI,匹配表1065!AJ:AJ),"绿标") -> 红标 | T263: {=_xlfn.XLOOKUP(Q263,匹配表1065!L:L,匹配表1065!M:N)} -> 眩晕 | U263: 神经内科 | V263: 大于8次（高频） | W263: =_xlfn.XLOOKUP(M263,匹配表1065!D:D,匹配表1065!F:F)*N263 -> 12
A264: 4月 | B264: 46119 | C264: =MONTH(B264)&TEXT(WEEKNUM(B264,2)-WEEKNUM(B264+1-DAY(B264),2)+1,"月第0周") -> 4月第2周 | D264: 4月第2周 | E264: =D264&"--"&"周"&WEEKDAY(B264,2) -> 4月第2周--周2 | F264: 钟君珊 | G264: 卜先峰 | H264: =_xlfn.XLOOKUP(O264,匹配表1065!T:T,匹配表1065!W:W) -> 合肥市 | I264: =_xlfn.XLOOKUP(O264,匹配表1065!T:T,匹配表1065!X:X) -> PME2047 | J264: 洪剑 | K264: {=_xlfn.XLOOKUP(J264,匹配表1065!Y:Y,匹配表1065!AA:AB)} -> 2 | L264: 3个月以内 | M264: 2、高频 | N264: 1 | O264: =_xlfn.XLOOKUP(P264,匹配表1065!U:U,匹配表1065!T:T) -> HO00000005 | P264: 安徽省立医院 | Q264: 桂韦 | R264: =_xlfn.XLOOKUP(Q264,匹配表1065!L:L,匹配表1065!O:O) -> A | S264: =IFERROR(_xlfn.XLOOKUP(Q264,匹配表1065!AI:AI,匹配表1065!AJ:AJ),"绿标") -> 黑标 | T264: {=_xlfn.XLOOKUP(Q264,匹配表1065!L:L,匹配表1065!M:N)} -> 头痛 | U264: 神经内科 | V264: 小于4次（低频） | W264: =_xlfn.XLOOKUP(M264,匹配表1065!D:D,匹配表1065!F:F)*N264 -> 8
A265: 4月 | B265: 46119 | C265: =MONTH(B265)&TEXT(WEEKNUM(B265,2)-WEEKNUM(B265+1-DAY(B265),2)+1,"月第0周") -> 4月第2周 | D265: 4月第2周 | E265: =D265&"--"&"周"&WEEKDAY(B265,2) -> 4月第2周--周2 | F265: 钟君珊 | G265: 卜先峰 | H265: =_xlfn.XLOOKUP(O265,匹配表1065!T:T,匹配表1065!W:W) -> 合肥市 | I265: =_xlfn.XLOOKUP(O265,匹配表1065!T:T,匹配表1065!X:X) -> PME2047 | J265: 洪剑 | K265: {=_xlfn.XLOOKUP(J265,匹配表1065!Y:Y,匹配表1065!AA:AB)} -> 2 | L265: 3个月以内 | M265: 1、中频 | N265: 1 | O265: =_xlfn.XLOOKUP(P265,匹配表1065!U:U,匹配表1065!T:T) -> HO00000005 | P265: 安徽省立医院 | Q265: 程昭昭 | R265: =_xlfn.XLOOKUP(Q265,匹配表1065!L:L,匹配表1065!O:O) -> B | S265: =IFERROR(_xlfn.XLOOKUP(Q265,匹配表1065!AI:AI,匹配表1065!AJ:AJ),"绿标") -> 绿标 | T265: {=_xlfn.XLOOKUP(Q265,匹配表1065!L:L,匹配表1065!M:N)} -> 脑血管 | U265: 神经内科 | V265: 4-7次（中频） | W265: =_xlfn.XLOOKUP(M265,匹配表1065!D:D,匹配表1065!F:F)*N265 -> 4
A266: 4月 | B266: 46119 | C266: =MONTH(B266)&TEXT(WEEKNUM(B266,2)-WEEKNUM(B266+1-DAY(B266),2)+1,"月第0周") -> 4月第2周 | D266: 4月第2周 | E266: =D266&"--"&"周"&WEEKDAY(B266,2) -> 4月第2周--周2 | F266: 钟君珊 | G266: 何方禹 | H266: =_xlfn.XLOOKUP(O266,匹配表1065!T:T,匹配表1065!W:W) -> 苏州市 | I266: =_xlfn.XLOOKUP(O266,匹配表1065!T:T,匹配表1065!X:X) -> PME2011 | J266: 张桂香 | K266: {=_xlfn.XLOOKUP(J266,匹配表1065!Y:Y,匹配表1065!AA:AB)} -> 19 | L266: 3个月以上 | M266: 3、VM | N266: 3 | O266: =_xlfn.XLOOKUP(P266,匹配表1065!U:U,匹配表1065!T:T) -> HO00307823 | P266: 苏州大学附属第一医院总院 | Q266: 赵红如 | R266: =_xlfn.XLOOKUP(Q266,匹配表1065!L:L,匹配表1065!O:O) -> A | S266: =IFERROR(_xlfn.XLOOKUP(Q266,匹配表1065!AI:AI,匹配表1065!AJ:AJ),"绿标") -> 红标 | T266: {=_xlfn.XLOOKUP(Q266,匹配表1065!L:L,匹配表1065!M:N)} -> 头痛 | U266: 神经内科 | V266: 大于8次（高频） | W266: =_xlfn.XLOOKUP(M266,匹配表1065!D:D,匹配表1065!F:F)*N266 -> 36
A267: 4月 | B267: 46119 | C267: =MONTH(B267)&TEXT(WEEKNUM(B267,2)-WEEKNUM(B267+1-DAY(B267),2)+1,"月第0周") -> 4月第2周 | D267: 4月第2周 | E267: =D267&"--"&"周"&WEEKDAY(B267,2) -> 4月第2周--周2 | F267: 钟君珊 | G267: 何方禹 | H267: =_xlfn.XLOOKUP(O267,匹配表1065!T:T,匹配表1065!W:W) -> 苏州市 | I267: =_xlfn.XLOOKUP(O267,匹配表1065!T:T,匹配表1065!X:X) -> PME2011 | J267: 张桂香 | K267: {=_xlfn.XLOOKUP(J267,匹配表1065!Y:Y,匹配表1065!AA:AB)} -> 19 | L267: 3个月以上 | M267: 3、VM | N267: 1 | O267: =_xlfn.XLOOKUP(P267,匹配表1065!U:U,匹配表1065!T:T) -> HO00307823 | P267: 苏州大学附属第一医院总院 | Q267: 王达鹏 | R267: =_xlfn.XLOOKUP(Q267,匹配表1065!L:L,匹配表1065!O:O) -> C | S267: =IFERROR(_xlfn.XLOOKUP(Q267,匹配表1065!AI:AI,匹配表1065!AJ:AJ),"绿标") -> 绿标 | T267: {=_xlfn.XLOOKUP(Q267,匹配表1065!L:L,匹配表1065!M:N)} -> 眩晕 | U267: 神经内科 | V267: 焦虑抑郁共病 | W267: =_xlfn.XLOOKUP(M267,匹配表1065!D:D,匹配表1065!F:F)*N267 -> 12
A268: 4月 | B268: 46119 | C268: =MONTH(B268)&TEXT(WEEKNUM(B268,2)-WEEKNUM(B268+1-DAY(B268),2)+1,"月第0周") -> 4月第2周 | D268: 4月第2周 | E268: =D268&"--"&"周"&WEEKDAY(B268,2) -> 4月第2周--周2 | F268: 钟君珊 | G268: 何方禹 | H268: =_xlfn.XLOOKUP(O268,匹配表1065!T:T,匹配表1065!W:W) -> 苏州市 | I268: =_xlfn.XLOOKUP(O268,匹配表1065!T:T,匹配表1065!X:X) -> PME2011 | J268: 张桂香 | K268: {=_xlfn.XLOOKUP(J268,匹配表1065!Y:Y,匹配表1065!AA:AB)} -> 19 | L268: 3个月以上 | M268: 1、中频 | N268: 1 | O268: =_xlfn.XLOOKUP(P268,匹配表1065!U:U,匹配表1065!T:T) -> HO00307823 | P268: 苏州大学附属第一医院总院 | Q268: 陶朵朵 | R268: =_xlfn.XLOOKUP(Q268,匹配表1065!L:L,匹配表1065!O:O) -> C | S268: =IFERROR(_xlfn.XLOOKUP(Q268,匹配表1065!AI:AI,匹配表1065!AJ:AJ),"绿标") -> 绿标 | T268: {=_xlfn.XLOOKUP(Q268,匹配表1065!L:L,匹配表1065!M:N)} -> 眩晕 | U268: 耳鼻喉科 | V268: 焦虑抑郁共病 | W268: =_xlfn.XLOOKUP(M268,匹配表1065!D:D,匹配表1065!F:F)*N268 -> 4
A269: 4月 | B269: 46119 | C269: =MONTH(B269)&TEXT(WEEKNUM(B269,2)-WEEKNUM(B269+1-DAY(B269),2)+1,"月第0周") -> 4月第2周 | D269: 4月第2周 | E269: =D269&"--"&"周"&WEEKDAY(B269,2) -> 4月第2周--周2 | F269: 钟君珊 | G269: 何方禹 | H269: =_xlfn.XLOOKUP(O269,匹配表1065!T:T,匹配表1065!W:W) -> 苏州市 | I269: =_xlfn.XLOOKUP(O269,匹配表1065!T:T,匹配表1065!X:X) -> PME2017 | J269: 黄义杰 | K269: {=_xlfn.XLOOKUP(J269,匹配表1065!Y:Y,匹配表1065!AA:AB)} -> 7 | L269: 3个月以上 | M269: 3、VM | N269: 1 | O269: =_xlfn.XLOOKUP(P269,匹配表1065!U:U,匹配表1065!T:T) -> HO00001044 | P269: 昆山市第一人民医院 | Q269: 张炎 | R269: =_xlfn.XLOOKUP(Q269,匹配表1065!L:L,匹配表1065!O:O) -> A | S269: =IFERROR(_xlfn.XLOOKUP(Q269,匹配表1065!AI:AI,匹配表1065!AJ:AJ),"绿标") -> 红标 | T269: {=_xlfn.XLOOKUP(Q269,匹配表1065!L:L,匹配表1065!M:N)} -> 头痛 | U269: 神经内科 | V269: CM/MOH | W269: =_xlfn.XLOOKUP(M269,匹配表1065!D:D,匹配表1065!F:F)*N269 -> 12
A270: 4月 | B270: 46119 | C270: =MONTH(B270)&TEXT(WEEKNUM(B270,2)-WEEKNUM(B270+1-DAY(B270),2)+1,"月第0周") -> 4月第2周 | D270: 4月第2周 | E270: =D270&"--"&"周"&WEEKDAY(B270,2) -> 4月第2周--周2 | F270: 钟君珊 | G270: 何方禹 | H270: =_xlfn.XLOOKUP(O270,匹配表1065!T:T,匹配表1065!W:W) -> 苏州市 | I270: =_xlfn.XLOOKUP(O270,匹配表1065!T:T,匹配表1065!X:X) -> PME2017 | J270: 黄义杰 | K270: {=_xlfn.XLOOKUP(J270,匹配表1065!Y:Y,匹配表1065!AA:AB)} -> 7 | L270: 3个月以上 | M270: 1、中频 | N270: 1 | O270: =_xlfn.XLOOKUP(P270,匹配表1065!U:U,匹配表1065!T:T) -> HO00017517 | P270: 苏州眼耳鼻喉科医院有限公司 | Q270: 顾丽群 | R270: =_xlfn.XLOOKUP(Q270,匹配表1065!L:L,匹配表1065!O:O) -> C | S270: =IFERROR(_xlfn.XLOOKUP(Q270,匹配表1065!AI:AI,匹配表1065!AJ:AJ),"绿标") -> 红标 | T270: {=_xlfn.XLOOKUP(Q270,匹配表1065!L:L,匹配表1065!M:N)} -> 眩晕 | U270: 耳鼻喉科 | V270: 小于4次（低频） | W270: =_xlfn.XLOOKUP(M270,匹配表1065!D:D,匹配表1065!F:F)*N270 -> 4
A271: 4月 | B271: 46119 | C271: =MONTH(B271)&TEXT(WEEKNUM(B271,2)-WEEKNUM(B271+1-DAY(B271),2)+1,"月第0周") -> 4月第2周 | D271: 4月第2周 | E271: =D271&"--"&"周"&WEEKDAY(B271,2) -> 4月第2周--周2 | F271: 钟君珊 | G271: 何方禹 | H271: =_xlfn.XLOOKUP(O271,匹配表1065!T:T,匹配表1065!W:W) -> 南通市 | I271: =_xlfn.XLOOKUP(O271,匹配表1065!T:T,匹配表1065!X:X) -> PME2013 | J271: 周丽丽 | K271: {=_xlfn.XLOOKUP(J271,匹配表1065!Y:Y,匹配表1065!AA:AB)} -> 51 | L271: 3个月以上 | M271: 3、VM | N271: 1 | O271: =_xlfn.XLOOKUP(P271,匹配表1065!U:U,匹配表1065!T:T) -> HO00001066 | P271: 南通大学附属医院 | Q271: 张鲁平 | R271: =_xlfn.XLOOKUP(Q271,匹配表1065!L:L,匹配表1065!O:O) -> C | S271: =IFERROR(_xlfn.XLOOKUP(Q271,匹配表1065!AI:AI,匹配表1065!AJ:AJ),"绿标") -> 红标 | T271: {=_xlfn.XLOOKUP(Q271,匹配表1065!L:L,匹配表1065!M:N)} -> 眩晕 | U271: 耳鼻喉科 | V271: 焦虑抑郁共病 | W271: =_xlfn.XLOOKUP(M271,匹配表1065!D:D,匹配表1065!F:F)*N271 -> 12
A272: 4月 | B272: 46119 | C272: =MONTH(B272)&TEXT(WEEKNUM(B272,2)-WEEKNUM(B272+1-DAY(B272),2)+1,"月第0周") -> 4月第2周 | D272: 4月第2周 | E272: =D272&"--"&"周"&WEEKDAY(B272,2) -> 4月第2周--周2 | F272: 钟君珊 | G272: 何方禹 | H272: =_xlfn.XLOOKUP(O272,匹配表1065!T:T,匹配表1065!W:W) -> 南通市 | I272: =_xlfn.XLOOKUP(O272,匹配表1065!T:T,匹配表1065!X:X) -> PME2013 | J272: 周丽丽 | K272: {=_xlfn.XLOOKUP(J272,匹配表1065!Y:Y,匹配表1065!AA:AB)} -> 51 | L272: 3个月以上 | M272: 1、中频 | N272: 1 | O272: =_xlfn.XLOOKUP(P272,匹配表1065!U:U,匹配表1065!T:T) -> HO00001066 | P272: 南通大学附属医院 | Q272: 张鲁平 | R272: =_xlfn.XLOOKUP(Q272,匹配表1065!L:L,匹配表1065!O:O) -> C | S272: =IFERROR(_xlfn.XLOOKUP(Q272,匹配表1065!AI:AI,匹配表1065!AJ:AJ),"绿标") -> 红标 | T272: {=_xlfn.XLOOKUP(Q272,匹配表1065!L:L,匹配表1065!M:N)} -> 眩晕 | U272: 耳鼻喉科 | V272: 焦虑抑郁共病 | W272: =_xlfn.XLOOKUP(M272,匹配表1065!D:D,匹配表1065!F:F)*N272 -> 4
A273: 4月 | B273: 46119 | C273: =MONTH(B273)&TEXT(WEEKNUM(B273,2)-WEEKNUM(B273+1-DAY(B273),2)+1,"月第0周") -> 4月第2周 | D273: 4月第2周 | E273: =D273&"--"&"周"&WEEKDAY(B273,2) -> 4月第2周--周2 | F273: 钟君珊 | G273: 何方禹 | H273: =_xlfn.XLOOKUP(O273,匹配表1065!T:T,匹配表1065!W:W) -> 南通市 | I273: =_xlfn.XLOOKUP(O273,匹配表1065!T:T,匹配表1065!X:X) -> PME2013 | J273: 周丽丽 | K273: {=_xlfn.XLOOKUP(J273,匹配表1065!Y:Y,匹配表1065!AA:AB)} -> 51 | L273: 3个月以上 | M273: 3、VM | N273: 1 | O273: =_xlfn.XLOOKUP(P273,匹配表1065!U:U,匹配表1065!T:T) -> HO00001019 | P273: 南通市海门区人民医院 | Q273: 杨红燕 | R273: =_xlfn.XLOOKUP(Q273,匹配表1065!L:L,匹配表1065!O:O) -> C | S273: =IFERROR(_xlfn.XLOOKUP(Q273,匹配表1065!AI:AI,匹配表1065!AJ:AJ),"绿标") -> 红标 | T273: {=_xlfn.XLOOKUP(Q273,匹配表1065!L:L,匹配表1065!M:N)} -> 眩晕 | U273: 神经内科 | V273: 4-7次（中频） | W273: =_xlfn.XLOOKUP(M273,匹配表1065!D:D,匹配表1065!F:F)*N273 -> 12
... A329: 4月 | B329: 46119 | C329: =MONTH(B329)&TEXT(WEEKNUM(B329,2)-WEEKNUM(B329+1-DAY(B329),2)+1,"月第0周") -> 4月第2周 | D329: 4月第2周 | E329: =D329&"--"&"周"&WEEKDAY(B329,2) -> 4月第2周--周2 | F329: 钟君珊 | G329: 郑家成 | H329: =_xlfn.XLOOKUP(O329,匹配表1065!T:T,匹配表1065!W:W) -> 南京市 | I329: =_xlfn.XLOOKUP(O329,匹配表1065!T:T,匹配表1065!X:X) -> PME2039 | J329: 盖奕彤 | K329: {=_xlfn.XLOOKUP(J329,匹配表1065!Y:Y,匹配表1065!AA:AB)} -> 7 | L329: 3个月以上 | M329: 3、VM | N329: 1 | O329: =_xlfn.XLOOKUP(P329,匹配表1065!U:U,匹配表1065!T:T) -> HO00000971 | P329: 江苏省中医院 | Q329: 崔春丽 | R329: =_xlfn.XLOOKUP(Q329,匹配表1065!L:L,匹配表1065!O:O) -> A | S329: =IFERROR(_xlfn.XLOOKUP(Q329,匹配表1065!AI:AI,匹配表1065!AJ:AJ),"绿标") -> 绿标 | T329: {=_xlfn.XLOOKUP(Q329,匹配表1065!L:L,匹配表1065!M:N)} -> 头痛 | U329: 神经内科 | V329: 大于8次（高频） | W329: =_xlfn.XLOOKUP(M329,匹配表1065!D:D,匹配表1065!F:F)*N329 -> 12
A330: 4月 | B330: 46119 | C330: =MONTH(B330)&TEXT(WEEKNUM(B330,2)-WEEKNUM(B330+1-DAY(B330),2)+1,"月第0周") -> 4月第2周 | D330: 4月第2周 | E330: =D330&"--"&"周"&WEEKDAY(B330,2) -> 4月第2周--周2 | F330: 钟君珊 | G330: 郑家成 | H330: =_xlfn.XLOOKUP(O330,匹配表1065!T:T,匹配表1065!W:W) -> 南京市 | I330: =_xlfn.XLOOKUP(O330,匹配表1065!T:T,匹配表1065!X:X) -> PME2040 | J330: 王玉婷 | K330: {=_xlfn.XLOOKUP(J330,匹配表1065!Y:Y,匹配表1065!AA:AB)} -> #N/A | M330: 1、中频 | N330: 1 | O330: =_xlfn.XLOOKUP(P330,匹配表1065!U:U,匹配表1065!T:T) -> HO00000966 | P330: 南京医科大学第二附属医院 | Q330: 孙高慧 | R330: =_xlfn.XLOOKUP(Q330,匹配表1065!L:L,匹配表1065!O:O) -> B | S330: =IFERROR(_xlfn.XLOOKUP(Q330,匹配表1065!AI:AI,匹配表1065!AJ:AJ),"绿标") -> 绿标 | T330: {=_xlfn.XLOOKUP(Q330,匹配表1065!L:L,匹配表1065!M:N)} -> 癫痫 | U330: 神经内科 | V330: 小于4次（低频） | W330: =_xlfn.XLOOKUP(M330,匹配表1065!D:D,匹配表1065!F:F)*N330 -> 4
A331: 4月 | B331: 46119 | C331: =MONTH(B331)&TEXT(WEEKNUM(B331,2)-WEEKNUM(B331+1-DAY(B331),2)+1,"月第0周") -> 4月第2周 | D331: 4月第2周 | E331: =D331&"--"&"周"&WEEKDAY(B331,2) -> 4月第2周--周2 | F331: 钟君珊 | G331: 郑家成 | H331: =_xlfn.XLOOKUP(O331,匹配表1065!T:T,匹配表1065!W:W) -> 南京市 | I331: =_xlfn.XLOOKUP(O331,匹配表1065!T:T,匹配表1065!X:X) -> PME2040 | J331: 王玉婷 | K331: {=_xlfn.XLOOKUP(J331,匹配表1065!Y:Y,匹配表1065!AA:AB)} -> #N/A | M331: 1、中频 | N331: 1 | O331: =_xlfn.XLOOKUP(P331,匹配表1065!U:U,匹配表1065!T:T) -> HO00000966 | P331: 南京医科大学第二附属医院 | Q331: 陈洁 | R331: =_xlfn.XLOOKUP(Q331,匹配表1065!L:L,匹配表1065!O:O) -> B | S331: =IFERROR(_xlfn.XLOOKUP(Q331,匹配表1065!AI:AI,匹配表1065!AJ:AJ),"绿标") -> 绿标 | T331: {=_xlfn.XLOOKUP(Q331,匹配表1065!L:L,匹配表1065!M:N)} -> 癫痫 | U331: 神经内科 | V331: 小于4次（低频） | W331: =_xlfn.XLOOKUP(M331,匹配表1065!D:D,匹配表1065!F:F)*N331 -> 4
A332: 4月 | B332: 46120 | C332: =MONTH(B332)&TEXT(WEEKNUM(B332,2)-WEEKNUM(B332+1-DAY(B332),2)+1,"月第0周") -> 4月第2周 | D332: 4月第2周 | E332: =D332&"--"&"周"&WEEKDAY(B332,2) -> 4月第2周--周3 | F332: 钟君珊 | G332: 郑家成 | H332: =_xlfn.XLOOKUP(O332,匹配表1065!T:T,匹配表1065!W:W) -> 南京市 | I332: =_xlfn.XLOOKUP(O332,匹配表1065!T:T,匹配表1065!X:X) -> PME2005 | J332: 徐燕 | K332: {=_xlfn.XLOOKUP(J332,匹配表1065!Y:Y,匹配表1065!AA:AB)} -> 3 | L332: 3个月以上 | M332: 3、VM | N332: 1 | O332: =_xlfn.XLOOKUP(P332,匹配表1065!U:U,匹配表1065!T:T) -> HO00000975 | P332: 南京脑科医院 | Q332: 陈惠玲 | R332: =_xlfn.XLOOKUP(Q332,匹配表1065!L:L,匹配表1065!O:O) -> B | S332: =IFERROR(_xlfn.XLOOKUP(Q332,匹配表1065!AI:AI,匹配表1065!AJ:AJ),"绿标") -> 绿标 | T332: {=_xlfn.XLOOKUP(Q332,匹配表1065!L:L,匹配表1065!M:N)} -> 脑血管 | U332: 神经内科 | V332: 大于8次（高频） | W332: =_xlfn.XLOOKUP(M332,匹配表1065!D:D,匹配表1065!F:F)*N332 -> 12
A333: 4月 | B333: 46120 | C333: =MONTH(B333)&TEXT(WEEKNUM(B333,2)-WEEKNUM(B333+1-DAY(B333),2)+1,"月第0周") -> 4月第2周 | D333: 4月第2周 | E333: =D333&"--"&"周"&WEEKDAY(B333,2) -> 4月第2周--周3 | F333: 钟君珊 | G333: 郑家成 | H333: =_xlfn.XLOOKUP(O333,匹配表1065!T:T,匹配表1065!W:W) -> 扬州市 | I333: =_xlfn.XLOOKUP(O333,匹配表1065!T:T,匹配表1065!X:X) -> PME2012 | J333: 高佳怡 | K333: {=_xlfn.XLOOKUP(J333,匹配表1065!Y:Y,匹配表1065!AA:AB)} -> 13 | L333: 3个月以上 | M333: 3、VM | N333: 1 | O333: =_xlfn.XLOOKUP(P333,匹配表1065!U:U,匹配表1065!T:T) -> HO00000968 | P333: 江苏省苏北人民医院 | Q333: 陈兰兰 | R333: =_xlfn.XLOOKUP(Q333,匹配表1065!L:L,匹配表1065!O:O) -> A | S333: =IFERROR(_xlfn.XLOOKUP(Q333,匹配表1065!AI:AI,匹配表1065!AJ:AJ),"绿标") -> 红标 | T333: {=_xlfn.XLOOKUP(Q333,匹配表1065!L:L,匹配表1065!M:N)} -> 头痛 | U333: 神经内科 | V333: CM/MOH | W333: =_xlfn.XLOOKUP(M333,匹配表1065!D:D,匹配表1065!F:F)*N333 -> 12
A334: 4月 | B334: 46120 | C334: =MONTH(B334)&TEXT(WEEKNUM(B334,2)-WEEKNUM(B334+1-DAY(B334),2)+1,"月第0周") -> 4月第2周 | D334: 4月第2周 | E334: =D334&"--"&"周"&WEEKDAY(B334,2) -> 4月第2周--周3 | F334: 钟君珊 | G334: 郑家成 | H334: =_xlfn.XLOOKUP(O334,匹配表1065!T:T,匹配表1065!W:W) -> 南京市 | I334: =_xlfn.XLOOKUP(O334,匹配表1065!T:T,匹配表1065!X:X) -> PME2006 | J334: 孙娟 | K334: {=_xlfn.XLOOKUP(J334,匹配表1065!Y:Y,匹配表1065!AA:AB)} -> 15 | L334: 3个月以上 | M334: 3、VM | N334: 1 | O334: =_xlfn.XLOOKUP(P334,匹配表1065!U:U,匹配表1065!T:T) -> HO00000959 | P334: 南京市第一医院 | Q334: 徐梦怡 | R334: =_xlfn.XLOOKUP(Q334,匹配表1065!L:L,匹配表1065!O:O) -> C | S334: =IFERROR(_xlfn.XLOOKUP(Q334,匹配表1065!AI:AI,匹配表1065!AJ:AJ),"绿标") -> 红标 | T334: {=_xlfn.XLOOKUP(Q334,匹配表1065!L:L,匹配表1065!M:N)} -> 眩晕 | U334: 神经内科 | V334: 焦虑抑郁共病 | W334: =_xlfn.XLOOKUP(M334,匹配表1065!D:D,匹配表1065!F:F)*N334 -> 12
A335: 4月 | B335: 46120 | C335: =MONTH(B335)&TEXT(WEEKNUM(B335,2)-WEEKNUM(B335+1-DAY(B335),2)+1,"月第0周") -> 4月第2周 | D335: 4月第2周 | E335: =D335&"--"&"周"&WEEKDAY(B335,2) -> 4月第2周--周3 | F335: 钟君珊 | G335: 郑家成 | H335: =_xlfn.XLOOKUP(O335,匹配表1065!T:T,匹配表1065!W:W) -> 南京市 | I335: =_xlfn.XLOOKUP(O335,匹配表1065!T:T,匹配表1065!X:X) -> PME2006 | J335: 孙娟 | K335: {=_xlfn.XLOOKUP(J335,匹配表1065!Y:Y,匹配表1065!AA:AB)} -> 15 | L335: 3个月以上 | M335: 2、高频 | N335: 1 | O335: =_xlfn.XLOOKUP(P335,匹配表1065!U:U,匹配表1065!T:T) -> HO00000959 | P335: 南京市第一医院 | Q335: 徐梦怡 | R335: =_xlfn.XLOOKUP(Q335,匹配表1065!L:L,匹配表1065!O:O) -> C | S335: =IFERROR(_xlfn.XLOOKUP(Q335,匹配表1065!AI:AI,匹配表1065!AJ:AJ),"绿标") -> 红标 | T335: {=_xlfn.XLOOKUP(Q335,匹配表1065!L:L,匹配表1065!M:N)} -> 眩晕 | U335: 神经内科 | V335: 焦虑抑郁共病 | W335: =_xlfn.XLOOKUP(M335,匹配表1065!D:D,匹配表1065!F:F)*N335 -> 8
A336: 4月 | B336: 46120 | C336: =MONTH(B336)&TEXT(WEEKNUM(B336,2)-WEEKNUM(B336+1-DAY(B336),2)+1,"月第0周") -> 4月第2周 | D336: 4月第2周 | E336: =D336&"--"&"周"&WEEKDAY(B336,2) -> 4月第2周--周3 | F336: 钟君珊 | G336: 郑家成 | H336: =_xlfn.XLOOKUP(O336,匹配表1065!T:T,匹配表1065!W:W) -> 南京市 | I336: =_xlfn.XLOOKUP(O336,匹配表1065!T:T,匹配表1065!X:X) -> PME2039 | J336: 盖奕彤 | K336: {=_xlfn.XLOOKUP(J336,匹配表1065!Y:Y,匹配表1065!AA:AB)} -> 7 | L336: 3个月以上 | M336: 1、中频 | N336: 1 | O336: =_xlfn.XLOOKUP(P336,匹配表1065!U:U,匹配表1065!T:T) -> HO00000971 | P336: 江苏省中医院 | Q336: 仓志兰 | R336: =_xlfn.XLOOKUP(Q336,匹配表1065!L:L,匹配表1065!O:O) -> A | S336: =IFERROR(_xlfn.XLOOKUP(Q336,匹配表1065!AI:AI,匹配表1065!AJ:AJ),"绿标") -> 绿标 | T336: {=_xlfn.XLOOKUP(Q336,匹配表1065!L:L,匹配表1065!M:N)} -> 头痛 | U336: 神经内科 | V336: 大于8次（高频） | W336: =_xlfn.XLOOKUP(M336,匹配表1065!D:D,匹配表1065!F:F)*N336 -> 4
A337: 4月 | B337: 46120 | C337: =MONTH(B337)&TEXT(WEEKNUM(B337,2)-WEEKNUM(B337+1-DAY(B337),2)+1,"月第0周") -> 4月第2周 | D337: 4月第2周 | E337: =D337&"--"&"周"&WEEKDAY(B337,2) -> 4月第2周--周3 | F337: 钟君珊 | G337: 郑家成 | H337: =_xlfn.XLOOKUP(O337,匹配表1065!T:T,匹配表1065!W:W) -> 南京市 | I337: =_xlfn.XLOOKUP(O337,匹配表1065!T:T,匹配表1065!X:X) -> PME2039 | J337: 盖奕彤 | K337: {=_xlfn.XLOOKUP(J337,匹配表1065!Y:Y,匹配表1065!AA:AB)} -> 7 | L337: 3个月以上 | M337: 1、中频 | N337: 1 | O337: =_xlfn.XLOOKUP(P337,匹配表1065!U:U,匹配表1065!T:T) -> HO00000971 | P337: 江苏省中医院 | Q337: 曹理璞 | R337: =_xlfn.XLOOKUP(Q337,匹配表1065!L:L,匹配表1065!O:O) -> C | S337: =IFERROR(_xlfn.XLOOKUP(Q337,匹配表1065!AI:AI,匹配表1065!AJ:AJ),"绿标") -> 绿标 | T337: {=_xlfn.XLOOKUP(Q337,匹配表1065!L:L,匹配表1065!M:N)} -> 眩晕 | U337: 神经内科 | V337: 焦虑抑郁共病 | W337: =_xlfn.XLOOKUP(M337,匹配表1065!D:D,匹配表1065!F:F)*N337 -> 4
A338: 4月 | B338: 46120 | C338: =MONTH(B338)&TEXT(WEEKNUM(B338,2)-WEEKNUM(B338+1-DAY(B338),2)+1,"月第0周") -> 4月第2周 | D338: 4月第2周 | E338: =D338&"--"&"周"&WEEKDAY(B338,2) -> 4月第2周--周3 | F338: 钟君珊 | G338: 郑家成 | H338: =_xlfn.XLOOKUP(O338,匹配表1065!T:T,匹配表1065!W:W) -> 南京市 | I338: =_xlfn.XLOOKUP(O338,匹配表1065!T:T,匹配表1065!X:X) -> PME2040 | J338: 王玉婷 | K338: {=_xlfn.XLOOKUP(J338,匹配表1065!Y:Y,匹配表1065!AA:AB)} -> #N/A | M338: 1、中频 | N338: 1 | O338: =_xlfn.XLOOKUP(P338,匹配表1065!U:U,匹配表1065!T:T) -> HO00000966 | P338: 南京医科大学第二附属医院 | Q338: 苏菁菁 | R338: =_xlfn.XLOOKUP(Q338,匹配表1065!L:L,匹配表1065!O:O) -> B | S338: =IFERROR(_xlfn.XLOOKUP(Q338,匹配表1065!AI:AI,匹配表1065!AJ:AJ),"绿标") -> 绿标 | T338: {=_xlfn.XLOOKUP(Q338,匹配表1065!L:L,匹配表1065!M:N)} -> 脑血管 | U338: 神经内科 | V338: 小于4次（低频） | W338: =_xlfn.XLOOKUP(M338,匹配表1065!D:D,匹配表1065!F:F)*N338 -> 4
A339: 4月 | B339: 46120 | C339: =MONTH(B339)&TEXT(WEEKNUM(B339,2)-WEEKNUM(B339+1-DAY(B339),2)+1,"月第0周") -> 4月第2周 | D339: 4月第2周 | E339: =D339&"--"&"周"&WEEKDAY(B339,2) -> 4月第2周--周3 | F339: 钟君珊 | G339: 郑家成 | H339: =_xlfn.XLOOKUP(O339,匹配表1065!T:T,匹配表1065!W:W) -> 南京市 | I339: =_xlfn.XLOOKUP(O339,匹配表1065!T:T,匹配表1065!X:X) -> PME2040 | J339: 王玉婷 | K339: {=_xlfn.XLOOKUP(J339,匹配表1065!Y:Y,匹配表1065!AA:AB)} -> #N/A | M339: 1、中频 | N339: 1 | O339: =_xlfn.XLOOKUP(P339,匹配表1065!U:U,匹配表1065!T:T) -> HO00000966 | P339: 南京医科大学第二附属医院 | Q339: 刘玮 | R339: =_xlfn.XLOOKUP(Q339,匹配表1065!L:L,匹配表1065!O:O) -> A | S339: =IFERROR(_xlfn.XLOOKUP(Q339,匹配表1065!AI:AI,匹配表1065!AJ:AJ),"绿标") -> 绿标 | T339: {=_xlfn.XLOOKUP(Q339,匹配表1065!L:L,匹配表1065!M:N)} -> 头痛 | U339: 神经内科 | V339: 小于4次（低频） | W339: =_xlfn.XLOOKUP(M339,匹配表1065!D:D,匹配表1065!F:F)*N339 -> 4
A340: 4月 | B340: 46120 | C340: =MONTH(B340)&TEXT(WEEKNUM(B340,2)-WEEKNUM(B340+1-DAY(B340),2)+1,"月第0周") -> 4月第2周 | D340: 4月第2周 | E340: =D340&"--"&"周"&WEEKDAY(B340,2) -> 4月第2周--周3 | F340: 钟君珊 | G340: 郑家成 | H340: =_xlfn.XLOOKUP(O340,匹配表1065!T:T,匹配表1065!W:W) -> 南京市 | I340: =_xlfn.XLOOKUP(O340,匹配表1065!T:T,匹配表1065!X:X) -> PME2004 | J340: 杨帆 | K340: {=_xlfn.XLOOKUP(J340,匹配表1065!Y:Y,匹配表1065!AA:AB)} -> 11 | L340: 3个月以上 | M340: 2、高频 | N340: 1 | O340: =_xlfn.XLOOKUP(P340,匹配表1065!U:U,匹配表1065!T:T) -> HO00000972 | P340: 中国人民解放军东部战区总医院 | Q340: 刘玲 | R340: =_xlfn.XLOOKUP(Q340,匹配表1065!L:L,匹配表1065!O:O) -> A | S340: =IFERROR(_xlfn.XLOOKUP(Q340,匹配表1065!AI:AI,匹配表1065!AJ:AJ),"绿标") -> 绿标 | T340: {=_xlfn.XLOOKUP(Q340,匹配表1065!L:L,匹配表1065!M:N)} -> 头痛 | U340: 神经内科 | V340: 4-7次（中频） | W340: =_xlfn.XLOOKUP(M340,匹配表1065!D:D,匹配表1065!F:F)*N340 -> 8
A341: 4月 | B341: 46120 | C341: =MONTH(B341)&TEXT(WEEKNUM(B341,2)-WEEKNUM(B341+1-DAY(B341),2)+1,"月第0周") -> 4月第2周 | D341: 4月第2周 | E341: =D341&"--"&"周"&WEEKDAY(B341,2) -> 4月第2周--周3 | F341: 钟君珊 | G341: 郑家成 | H341: =_xlfn.XLOOKUP(O341,匹配表1065!T:T,匹配表1065!W:W) -> 常州市 | I341: =_xlfn.XLOOKUP(O341,匹配表1065!T:T,匹配表1065!X:X) -> PME2015 | J341: 缪苏琴 | K341: {=_xlfn.XLOOKUP(J341,匹配表1065!Y:Y,匹配表1065!AA:AB)} -> 9 | L341: 3个月以上 | M341: 1、中频 | N341: 1 | O341: =_xlfn.XLOOKUP(P341,匹配表1065!U:U,匹配表1065!T:T) -> HO00015998 | P341: 常州市武进中医医院 | Q341: 王凤英 | R341: =_xlfn.XLOOKUP(Q341,匹配表1065!L:L,匹配表1065!O:O) -> B | S341: =IFERROR(_xlfn.XLOOKUP(Q341,匹配表1065!AI:AI,匹配表1065!AJ:AJ),"绿标") -> 绿标 | T341: {=_xlfn.XLOOKUP(Q341,匹配表1065!L:L,匹配表1065!M:N)} -> 脑血管 | U341: 神经内科 | V341: 大于8次（高频） | W341: =_xlfn.XLOOKUP(M341,匹配表1065!D:D,匹配表1065!F:F)*N341 -> 4
A342: 4月 | B342: 46120 | C342: =MONTH(B342)&TEXT(WEEKNUM(B342,2)-WEEKNUM(B342+1-DAY(B342),2)+1,"月第0周") -> 4月第2周 | D342: 4月第2周 | E342: =D342&"--"&"周"&WEEKDAY(B342,2) -> 4月第2周--周3 | F342: 钟君珊 | G342: 郑家成 | H342: =_xlfn.XLOOKUP(O342,匹配表1065!T:T,匹配表1065!W:W) -> 常州市 | I342: =_xlfn.XLOOKUP(O342,匹配表1065!T:T,匹配表1065!X:X) -> PME2015 | J342: 缪苏琴 | K342: {=_xlfn.XLOOKUP(J342,匹配表1065!Y:Y,匹配表1065!AA:AB)} -> 9 | L342: 3个月以上 | M342: 1、中频 | N342: 1 | O342: =_xlfn.XLOOKUP(P342,匹配表1065!U:U,匹配表1065!T:T) -> HO00016083 | P342: 常州市妇幼保健院 | Q342: 郑秀琴 | R342: =_xlfn.XLOOKUP(Q342,匹配表1065!L:L,匹配表1065!O:O) -> B | S342: =IFERROR(_xlfn.XLOOKUP(Q342,匹配表1065!AI:AI,匹配表1065!AJ:AJ),"绿标") -> 红标 | T342: {=_xlfn.XLOOKUP(Q342,匹配表1065!L:L,匹配表1065!M:N)} -> 脑血管 | U342: 神经内科 | V342: CM/MOH | W342: =_xlfn.XLOOKUP(M342,匹配表1065!D:D,匹配表1065!F:F)*N342 -> 4
A343: 4月 | B343: 46120 | C343: =MONTH(B343)&TEXT(WEEKNUM(B343,2)-WEEKNUM(B343+1-DAY(B343),2)+1,"月第0周") -> 4月第2周 | D343: 4月第2周 | E343: =D343&"--"&"周"&WEEKDAY(B343,2) -> 4月第2周--周3 | F343: 钟君珊 | G343: 何方禹 | H343: =_xlfn.XLOOKUP(O343,匹配表1065!T:T,匹配表1065!W:W) -> 苏州市 | I343: =_xlfn.XLOOKUP(O343,匹配表1065!T:T,匹配表1065!X:X) -> PME2009 | J343: 陈利丰 | K343: {=_xlfn.XLOOKUP(J343,匹配表1065!Y:Y,匹配表1065!AA:AB)} -> 7 | L343: 3个月以上 | M343: 3、VM | N343: 1 | O343: =_xlfn.XLOOKUP(P343,匹配表1065!U:U,匹配表1065!T:T) -> HO00017518 | P343: 苏州高新区人民医院 | Q343: 刘平 | R343: =_xlfn.XLOOKUP(Q343,匹配表1065!L:L,匹配表1065!O:O) -> C | S343: =IFERROR(_xlfn.XLOOKUP(Q343,匹配表1065!AI:AI,匹配表1065!AJ:AJ),"绿标") -> 红标 | T343: {=_xlfn.XLOOKUP(Q343,匹配表1065!L:L,匹配表1065!M:N)} -> 眩晕 | U343: 耳鼻喉科 | V343: 大于8次（高频） | W343: =_xlfn.XLOOKUP(M343,匹配表1065!D:D,匹配表1065!F:F)*N343 -> 12
A344: 4月 | B344: 46120 | C344: =MONTH(B344)&TEXT(WEEKNUM(B344,2)-WEEKNUM(B344+1-DAY(B344),2)+1,"月第0周") -> 4月第2周 | D344: 4月第2周 | E344: =D344&"--"&"周"&WEEKDAY(B344,2) -> 4月第2周--周3 | F344: 钟君珊 | G344: 何方禹 | H344: =_xlfn.XLOOKUP(O344,匹配表1065!T:T,匹配表1065!W:W) -> 苏州市 | I344: =_xlfn.XLOOKUP(O344,匹配表1065!T:T,匹配表1065!X:X) -> PME2009 | J344: 陈利丰 | K344: {=_xlfn.XLOOKUP(J344,匹配表1065!Y:Y,匹配表1065!AA:AB)} -> 7 | L344: 3个月以上 | M344: 1、中频 | N344: 1 | O344: =_xlfn.XLOOKUP(P344,匹配表1065!U:U,匹配表1065!T:T) -> HO00001065 | P344: 张家港市第一人民医院 | Q344: 吴秋义 | R344: =_xlfn.XLOOKUP(Q344,匹配表1065!L:L,匹配表1065!O:O) -> B | S344: =IFERROR(_xlfn.XLOOKUP(Q344,匹配表1065!AI:AI,匹配表1065!AJ:AJ),"绿标") -> 绿标 | T344: {=_xlfn.XLOOKUP(Q344,匹配表1065!L:L,匹配表1065!M:N)} -> 脑血管 | U344: 神经内科 | V344: 4-7次（中频） | W344: =_xlfn.XLOOKUP(M344,匹配表1065!D:D,匹配表1065!F:F)*N344 -> 4
A345: 4月 | B345: 46120 | C345: =MONTH(B345)&TEXT(WEEKNUM(B345,2)-WEEKNUM(B345+1-DAY(B345),2)+1,"月第0周") -> 4月第2周 | D345: 4月第2周 | E345: =D345&"--"&"周"&WEEKDAY(B345,2) -> 4月第2周--周3 | F345: 钟君珊 | G345: 何方禹 | H345: =_xlfn.XLOOKUP(O345,匹配表1065!T:T,匹配表1065!W:W) -> 苏州市 | I345: =_xlfn.XLOOKUP(O345,匹配表1065!T:T,匹配表1065!X:X) -> PME2010 | J345: 杜研 | K345: {=_xlfn.XLOOKUP(J345,匹配表1065!Y:Y,匹配表1065!AA:AB)} -> 6 | L345: 3个月以上 | M345: 3、VM | N345: 1 | O345: =_xlfn.XLOOKUP(P345,匹配表1065!U:U,匹配表1065!T:T) -> HO00001051 | P345: 苏州市立医院东区 | Q345: 赵中 | R345: =_xlfn.XLOOKUP(Q345,匹配表1065!L:L,匹配表1065!O:O) -> B | S345: =IFERROR(_xlfn.XLOOKUP(Q345,匹配表1065!AI:AI,匹配表1065!AJ:AJ),"绿标") -> 绿标 | T345: {=_xlfn.XLOOKUP(Q345,匹配表1065!L:L,匹配表1065!M:N)} -> 抑郁焦虑 | U345: 神经内科 | V345: CM/MOH | W345: =_xlfn.XLOOKUP(M345,匹配表1065!D:D,匹配表1065!F:F)*N345 -> 12
A346: 4月 | B346: 46120 | C346: =MONTH(B346)&TEXT(WEEKNUM(B346,2)-WEEKNUM(B346+1-DAY(B346),2)+1,"月第0周") -> 4月第2周 | D346: 4月第2周 | E346: =D346&"--"&"周"&WEEKDAY(B346,2) -> 4月第2周--周3 | F346: 钟君珊 | G346: 何方禹 | H346: =_xlfn.XLOOKUP(O346,匹配表1065!T:T,匹配表1065!W:W) -> 苏州市 | I346: =_xlfn.XLOOKUP(O346,匹配表1065!T:T,匹配表1065!X:X) -> PME2010 | J346: 杜研 | K346: {=_xlfn.XLOOKUP(J346,匹配表1065!Y:Y,匹配表1065!AA:AB)} -> 6 | L346: 3个月以上 | M346: 1、中频 | N346: 1 | O346: =_xlfn.XLOOKUP(P346,匹配表1065!U:U,匹配表1065!T:T) -> HO00392084 | P346: 苏州市立医院太湖总院 | Q346: 邓朋 | R346: =_xlfn.XLOOKUP(Q346,匹配表1065!L:L,匹配表1065!O:O) -> A | S346: =IFERROR(_xlfn.XLOOKUP(Q346,匹配表1065!AI:AI,匹配表1065!AJ:AJ),"绿标") -> 黑标 | T346: {=_xlfn.XLOOKUP(Q346,匹配表1065!L:L,匹配表1065!M:N)} -> 头痛 | U346: 神经内科 | V346: 小于4次（低频） | W346: =_xlfn.XLOOKUP(M346,匹配表1065!D:D,匹配表1065!F:F)*N346 -> 4
A347: 4月 | B347: 46120 | C347: =MONTH(B347)&TEXT(WEEKNUM(B347,2)-WEEKNUM(B347+1-DAY(B347),2)+1,"月第0周") -> 4月第2周 | D347: 4月第2周 | E347: =D347&"--"&"周"&WEEKDAY(B347,2) -> 4月第2周--周3 | F347: 钟君珊 | G347: 何方禹 | H347: =_xlfn.XLOOKUP(O347,匹配表1065!T:T,匹配表1065!W:W) -> 苏州市 | I347: =_xlfn.XLOOKUP(O347,匹配表1065!T:T,匹配表1065!X:X) -> PME2010 | J347: 杜研 | K347: {=_xlfn.XLOOKUP(J347,匹配表1065!Y:Y,匹配表1065!AA:AB)} -> 6 | L347: 3个月以上 | M347: 1、中频 | N347: 1 | O347: =_xlfn.XLOOKUP(P347,匹配表1065!U:U,匹配表1065!T:T) -> HO00001047 | P347: 苏州市立医院道前院区 | Q347: 朱伟 | R347: =_xlfn.XLOOKUP(Q347,匹配表1065!L:L,匹配表1065!O:O) -> B | S347: =IFERROR(_xlfn.XLOOKUP(Q347,匹配表1065!AI:AI,匹配表1065!AJ:AJ),"绿标") -> 绿标 | T347: {=_xlfn.XLOOKUP(Q347,匹配表1065!L:L,匹配表1065!M:N)} -> 脑血管 | U347: 神经内科 | V347: 小于4次（低频） | W347: =_xlfn.XLOOKUP(M347,匹配表1065!D:D,匹配表1065!F:F)*N347 -> 4
A348: 4月 | B348: 46120 | C348: =MONTH(B348)&TEXT(WEEKNUM(B348,2)-WEEKNUM(B348+1-DAY(B348),2)+1,"月第0周") -> 4月第2周 | D348: 4月第2周 | E348: =D348&"--"&"周"&WEEKDAY(B348,2) -> 4月第2周--周3 | F348: 钟君珊 | G348: 何方禹 | H348: =_xlfn.XLOOKUP(O348,匹配表1065!T:T,匹配表1065!W:W) -> 苏州市 | I348: =_xlfn.XLOOKUP(O348,匹配表1065!T:T,匹配表1065!X:X) -> PME2011 | J348: 张桂香 | K348: {=_xlfn.XLOOKUP(J348,匹配表1065!Y:Y,匹配表1065!AA:AB)} -> 19 | L348: 3个月以上 | M348: 3、VM | N348: 3 | O348: =_xlfn.XLOOKUP(P348,匹配表1065!U:U,匹配表1065!T:T) -> HO00307823 | P348: 苏州大学附属第一医院总院 | Q348: 赵红如 | R348: =_xlfn.XLOOKUP(Q348,匹配表1065!L:L,匹配表1065!O:O) -> A | S348: =IFERROR(_xlfn.XLOOKUP(Q348,匹配表1065!AI:AI,匹配表1065!AJ:AJ),"绿标") -> 红标 | T348: {=_xlfn.XLOOKUP(Q348,匹配表1065!L:L,匹配表1065!M:N)} -> 头痛 | U348: 神经内科 | V348: 大于8次（高频） | W348: =_xlfn.XLOOKUP(M348,匹配表1065!D:D,匹配表1065!F:F)*N348 -> 36
A349: 4月 | B349: 46120 | C349: =MONTH(B349)&TEXT(WEEKNUM(B349,2)-WEEKNUM(B349+1-DAY(B349),2)+1,"月第0周") -> 4月第2周 | D349: 4月第2周 | E349: =D349&"--"&"周"&WEEKDAY(B349,2) -> 4月第2周--周3 | F349: 钟君珊 | G349: 何方禹 | H349: =_xlfn.XLOOKUP(O349,匹配表1065!T:T,匹配表1065!W:W) -> 苏州市 | I349: =_xlfn.XLOOKUP(O349,匹配表1065!T:T,匹配表1065!X:X) -> PME2011 | J349: 张桂香 | K349: {=_xlfn.XLOOKUP(J349,匹配表1065!Y:Y,匹配表1065!AA:AB)} -> 19 | L349: 3个月以上 | M349: 3、VM | N349: 1 | O349: =_xlfn.XLOOKUP(P349,匹配表1065!U:U,匹配表1065!T:T) -> HO00307823 | P349: 苏州大学附属第一医院总院 | Q349: 王达鹏 | R349: =_xlfn.XLOOKUP(Q349,匹配表1065!L:L,匹配表1065!O:O) -> C | S349: =IFERROR(_xlfn.XLOOKUP(Q349,匹配表1065!AI:AI,匹配表1065!AJ:AJ),"绿标") -> 绿标 | T349: {=_xlfn.XLOOKUP(Q349,匹配表1065!L:L,匹配表1065!M:N)} -> 眩晕 | U349: 神经内科 | V349: 小于4次（低频） | W349: =_xlfn.XLOOKUP(M349,匹配表1065!D:D,匹配表1065!F:F)*N349 -> 12
A350: 4月 | B350: 46120 | C350: =MONTH(B350)&TEXT(WEEKNUM(B350,2)-WEEKNUM(B350+1-DAY(B350),2)+1,"月第0周") -> 4月第2周 | D350: 4月第2周 | E350: =D350&"--"&"周"&WEEKDAY(B350,2) -> 4月第2周--周3 | F350: 钟君珊 | G350: 何方禹 | H350: =_xlfn.XLOOKUP(O350,匹配表1065!T:T,匹配表1065!W:W) -> 苏州市 | I350: =_xlfn.XLOOKUP(O350,匹配表1065!T:T,匹配表1065!X:X) -> PME2011 | J350: 张桂香 | K350: {=_xlfn.XLOOKUP(J350,匹配表1065!Y:Y,匹配表1065!AA:AB)} -> 19 | L350: 3个月以上 | M350: 1、中频 | N350: 1 | O350: =_xlfn.XLOOKUP(P350,匹配表1065!U:U,匹配表1065!T:T) -> HO00307823 | P350: 苏州大学附属第一医院总院 | Q350: 于亚峰 | R350: =_xlfn.XLOOKUP(Q350,匹配表1065!L:L,匹配表1065!O:O) -> C | S350: =IFERROR(_xlfn.XLOOKUP(Q350,匹配表1065!AI:AI,匹配表1065!AJ:AJ),"绿标") -> 绿标 | T350: {=_xlfn.XLOOKUP(Q350,匹配表1065!L:L,匹配表1065!M:N)} -> 眩晕 | U350: 耳鼻喉科 | V350: 焦虑抑郁共病 | W350: =_xlfn.XLOOKUP(M350,匹配表1065!D:D,匹配表1065!F:F)*N350 -> 4
A351: 4月 | B351: 46120 | C351: =MONTH(B351)&TEXT(WEEKNUM(B351,2)-WEEKNUM(B351+1-DAY(B351),2)+1,"月第0周") -> 4月第2周 | D351: 4月第2周 | E351: =D351&"--"&"周"&WEEKDAY(B351,2) -> 4月第2周--周3 | F351: 钟君珊 | G351: 何方禹 | H351: =_xlfn.XLOOKUP(O351,匹配表1065!T:T,匹配表1065!W:W) -> 苏州市 | I351: =_xlfn.XLOOKUP(O351,匹配表1065!T:T,匹配表1065!X:X) -> PME2017 | J351: 黄义杰 | K351: {=_xlfn.XLOOKUP(J351,匹配表1065!Y:Y,匹配表1065!AA:AB)} -> 7 | L351: 3个月以上 | M351: 3、VM | N351: 1 | O351: =_xlfn.XLOOKUP(P351,匹配表1065!U:U,匹配表1065!T:T) -> HO00001110 | P351: 苏州九龙医院 | Q351: 沈慧 | R351: =_xlfn.XLOOKUP(Q351,匹配表1065!L:L,匹配表1065!O:O) -> B | S351: =IFERROR(_xlfn.XLOOKUP(Q351,匹配表1065!AI:AI,匹配表1065!AJ:AJ),"绿标") -> 黑标 | T351: {=_xlfn.XLOOKUP(Q351,匹配表1065!L:L,匹配表1065!M:N)} -> 脑血管 | U351: 神经内科 | V351: 4-7次（中频） | W351: =_xlfn.XLOOKUP(M351,匹配表1065!D:D,匹配表1065!F:F)*N351 -> 12
... A414: 4月 | B414: 46121 | C414: =MONTH(B414)&TEXT(WEEKNUM(B414,2)-WEEKNUM(B414+1-DAY(B414),2)+1,"月第0周") -> 4月第2周 | D414: 4月第2周 | E414: =D414&"--"&"周"&WEEKDAY(B414,2) -> 4月第2周--周4 | F414: 钟君珊 | G414: 郑家成 | H414: =_xlfn.XLOOKUP(O414,匹配表1065!T:T,匹配表1065!W:W) -> 扬州市 | I414: =_xlfn.XLOOKUP(O414,匹配表1065!T:T,匹配表1065!X:X) -> PME2012 | J414: 高佳怡 | K414: {=_xlfn.XLOOKUP(J414,匹配表1065!Y:Y,匹配表1065!AA:AB)} -> 13 | L414: 3个月以上 | M414: 1、中频 | N414: 1 | O414: =_xlfn.XLOOKUP(P414,匹配表1065!U:U,匹配表1065!T:T) -> HO00041526 | P414: 扬州大学附属医院(原扬州市第一人民医院西区分院) | Q414: 杨明 | R414: =_xlfn.XLOOKUP(Q414,匹配表1065!L:L,匹配表1065!O:O) -> C | S414: =IFERROR(_xlfn.XLOOKUP(Q414,匹配表1065!AI:AI,匹配表1065!AJ:AJ),"绿标") -> 红标 | T414: {=_xlfn.XLOOKUP(Q414,匹配表1065!L:L,匹配表1065!M:N)} -> 眩晕 | U414: 神经内科 | V414: 小于4次（低频） | W414: =_xlfn.XLOOKUP(M414,匹配表1065!D:D,匹配表1065!F:F)*N414 -> 4
A415: 4月 | B415: 46121 | C415: =MONTH(B415)&TEXT(WEEKNUM(B415,2)-WEEKNUM(B415+1-DAY(B415),2)+1,"月第0周") -> 4月第2周 | D415: 4月第2周 | E415: =D415&"--"&"周"&WEEKDAY(B415,2) -> 4月第2周--周4 | F415: 钟君珊 | G415: 郑家成 | H415: =_xlfn.XLOOKUP(O415,匹配表1065!T:T,匹配表1065!W:W) -> 南京市 | I415: =_xlfn.XLOOKUP(O415,匹配表1065!T:T,匹配表1065!X:X) -> PME2040 | J415: 王玉婷 | K415: {=_xlfn.XLOOKUP(J415,匹配表1065!Y:Y,匹配表1065!AA:AB)} -> #N/A | M415: 3、VM | N415: 1 | O415: =_xlfn.XLOOKUP(P415,匹配表1065!U:U,匹配表1065!T:T) -> HO00000966 | P415: 南京医科大学第二附属医院 | Q415: 潘凤华 | R415: =_xlfn.XLOOKUP(Q415,匹配表1065!L:L,匹配表1065!O:O) -> A | S415: =IFERROR(_xlfn.XLOOKUP(Q415,匹配表1065!AI:AI,匹配表1065!AJ:AJ),"绿标") -> 绿标 | T415: {=_xlfn.XLOOKUP(Q415,匹配表1065!L:L,匹配表1065!M:N)} -> 头痛 | U415: 神经内科 | V415: 焦虑抑郁共病 | W415: =_xlfn.XLOOKUP(M415,匹配表1065!D:D,匹配表1065!F:F)*N415 -> 12
A416: 4月 | B416: 46121 | C416: =MONTH(B416)&TEXT(WEEKNUM(B416,2)-WEEKNUM(B416+1-DAY(B416),2)+1,"月第0周") -> 4月第2周 | D416: 4月第2周 | E416: =D416&"--"&"周"&WEEKDAY(B416,2) -> 4月第2周--周4 | F416: 钟君珊 | G416: 郑家成 | H416: =_xlfn.XLOOKUP(O416,匹配表1065!T:T,匹配表1065!W:W) -> 南京市 | I416: =_xlfn.XLOOKUP(O416,匹配表1065!T:T,匹配表1065!X:X) -> PME2039 | J416: 盖奕彤 | K416: {=_xlfn.XLOOKUP(J416,匹配表1065!Y:Y,匹配表1065!AA:AB)} -> 7 | L416: 3个月以上 | M416: 2、高频 | N416: 1 | O416: =_xlfn.XLOOKUP(P416,匹配表1065!U:U,匹配表1065!T:T) -> HO00000971 | P416: 江苏省中医院 | Q416: 崔春丽 | R416: =_xlfn.XLOOKUP(Q416,匹配表1065!L:L,匹配表1065!O:O) -> A | S416: =IFERROR(_xlfn.XLOOKUP(Q416,匹配表1065!AI:AI,匹配表1065!AJ:AJ),"绿标") -> 绿标 | T416: {=_xlfn.XLOOKUP(Q416,匹配表1065!L:L,匹配表1065!M:N)} -> 头痛 | U416: 神经内科 | V416: 大于8次（高频） | W416: =_xlfn.XLOOKUP(M416,匹配表1065!D:D,匹配表1065!F:F)*N416 -> 8
A417: 4月 | B417: 46121 | C417: =MONTH(B417)&TEXT(WEEKNUM(B417,2)-WEEKNUM(B417+1-DAY(B417),2)+1,"月第0周") -> 4月第2周 | D417: 4月第2周 | E417: =D417&"--"&"周"&WEEKDAY(B417,2) -> 4月第2周--周4 | F417: 钟君珊 | G417: 郑家成 | H417: =_xlfn.XLOOKUP(O417,匹配表1065!T:T,匹配表1065!W:W) -> 常州市 | I417: =_xlfn.XLOOKUP(O417,匹配表1065!T:T,匹配表1065!X:X) -> PME2015 | J417: 缪苏琴 | K417: {=_xlfn.XLOOKUP(J417,匹配表1065!Y:Y,匹配表1065!AA:AB)} -> 9 | L417: 3个月以上 | M417: 3、VM | N417: 1 | O417: =_xlfn.XLOOKUP(P417,匹配表1065!U:U,匹配表1065!T:T) -> HO00000940 | P417: 常州市第一人民医院 | Q417: 薛海翔 | R417: =_xlfn.XLOOKUP(Q417,匹配表1065!L:L,匹配表1065!O:O) -> C | S417: =IFERROR(_xlfn.XLOOKUP(Q417,匹配表1065!AI:AI,匹配表1065!AJ:AJ),"绿标") -> 红标 | T417: {=_xlfn.XLOOKUP(Q417,匹配表1065!L:L,匹配表1065!M:N)} -> 眩晕 | U417: 耳鼻喉科 | V417: 小于4次（低频） | W417: =_xlfn.XLOOKUP(M417,匹配表1065!D:D,匹配表1065!F:F)*N417 -> 12
A418: 4月 | B418: 46121 | C418: =MONTH(B418)&TEXT(WEEKNUM(B418,2)-WEEKNUM(B418+1-DAY(B418),2)+1,"月第0周") -> 4月第2周 | D418: 4月第2周 | E418: =D418&"--"&"周"&WEEKDAY(B418,2) -> 4月第2周--周4 | F418: 钟君珊 | G418: 孟鈃 | H418: =_xlfn.XLOOKUP(O418,匹配表1065!T:T,匹配表1065!W:W) -> 南京市 | I418: =_xlfn.XLOOKUP(O418,匹配表1065!T:T,匹配表1065!X:X) -> PME2001 | J418: 王方方 | K418: {=_xlfn.XLOOKUP(J418,匹配表1065!Y:Y,匹配表1065!AA:AB)} -> 31 | L418: 3个月以上 | M418: 3、VM | N418: 3 | O418: =_xlfn.XLOOKUP(P418,匹配表1065!U:U,匹配表1065!T:T) -> HO00000958 | P418: 江苏省人民医院 | Q418: 王登元 | R418: =_xlfn.XLOOKUP(Q418,匹配表1065!L:L,匹配表1065!O:O) -> C | S418: =IFERROR(_xlfn.XLOOKUP(Q418,匹配表1065!AI:AI,匹配表1065!AJ:AJ),"绿标") -> 红标 | T418: {=_xlfn.XLOOKUP(Q418,匹配表1065!L:L,匹配表1065!M:N)} -> 眩晕 | U418: 耳鼻喉科 | V418: 焦虑抑郁共病 | W418: =_xlfn.XLOOKUP(M418,匹配表1065!D:D,匹配表1065!F:F)*N418 -> 36
A419: 4月 | B419: 46121 | C419: =MONTH(B419)&TEXT(WEEKNUM(B419,2)-WEEKNUM(B419+1-DAY(B419),2)+1,"月第0周") -> 4月第2周 | D419: 4月第2周 | E419: =D419&"--"&"周"&WEEKDAY(B419,2) -> 4月第2周--周4 | F419: 钟君珊 | G419: 孟鈃 | H419: =_xlfn.XLOOKUP(O419,匹配表1065!T:T,匹配表1065!W:W) -> 南京市 | I419: =_xlfn.XLOOKUP(O419,匹配表1065!T:T,匹配表1065!X:X) -> PME2001 | J419: 王方方 | K419: {=_xlfn.XLOOKUP(J419,匹配表1065!Y:Y,匹配表1065!AA:AB)} -> 31 | L419: 3个月以上 | M419: 1、中频 | N419: 1 | O419: =_xlfn.XLOOKUP(P419,匹配表1065!U:U,匹配表1065!T:T) -> HO00000958 | P419: 江苏省人民医院 | Q419: 赵晓埝 | R419: =_xlfn.XLOOKUP(Q419,匹配表1065!L:L,匹配表1065!O:O) -> C | S419: =IFERROR(_xlfn.XLOOKUP(Q419,匹配表1065!AI:AI,匹配表1065!AJ:AJ),"绿标") -> 绿标 | T419: {=_xlfn.XLOOKUP(Q419,匹配表1065!L:L,匹配表1065!M:N)} -> 眩晕 | U419: 耳鼻喉科 | V419: 焦虑抑郁共病 | W419: =_xlfn.XLOOKUP(M419,匹配表1065!D:D,匹配表1065!F:F)*N419 -> 4
A420: 4月 | B420: 46121 | C420: =MONTH(B420)&TEXT(WEEKNUM(B420,2)-WEEKNUM(B420+1-DAY(B420),2)+1,"月第0周") -> 4月第2周 | D420: 4月第2周 | E420: =D420&"--"&"周"&WEEKDAY(B420,2) -> 4月第2周--周4 | F420: 钟君珊 | G420: 孟鈃 | H420: =_xlfn.XLOOKUP(O420,匹配表1065!T:T,匹配表1065!W:W) -> 南京市 | I420: =_xlfn.XLOOKUP(O420,匹配表1065!T:T,匹配表1065!X:X) -> PME2001 | J420: 王方方 | K420: {=_xlfn.XLOOKUP(J420,匹配表1065!Y:Y,匹配表1065!AA:AB)} -> 31 | L420: 3个月以上 | M420: 1、中频 | N420: 1 | O420: =_xlfn.XLOOKUP(P420,匹配表1065!U:U,匹配表1065!T:T) -> HO00000958 | P420: 江苏省人民医院 | Q420: 张克忠 | R420: =_xlfn.XLOOKUP(Q420,匹配表1065!L:L,匹配表1065!O:O) -> B | S420: =IFERROR(_xlfn.XLOOKUP(Q420,匹配表1065!AI:AI,匹配表1065!AJ:AJ),"绿标") -> 红标 | T420: {=_xlfn.XLOOKUP(Q420,匹配表1065!L:L,匹配表1065!M:N)} -> 其他 | U420: 神经内科 | V420: 小于4次（低频） | W420: =_xlfn.XLOOKUP(M420,匹配表1065!D:D,匹配表1065!F:F)*N420 -> 4
A421: 4月 | B421: 46121 | C421: =MONTH(B421)&TEXT(WEEKNUM(B421,2)-WEEKNUM(B421+1-DAY(B421),2)+1,"月第0周") -> 4月第2周 | D421: 4月第2周 | E421: =D421&"--"&"周"&WEEKDAY(B421,2) -> 4月第2周--周4 | F421: 钟君珊 | G421: 孟鈃 | H421: =_xlfn.XLOOKUP(O421,匹配表1065!T:T,匹配表1065!W:W) -> 连云港市 | I421: =_xlfn.XLOOKUP(O421,匹配表1065!T:T,匹配表1065!X:X) -> PME2042 | J421: 黄燕儿 | K421: {=_xlfn.XLOOKUP(J421,匹配表1065!Y:Y,匹配表1065!AA:AB)} -> 7 | L421: 3个月以上 | M421: 3、VM | N421: 1 | O421: =_xlfn.XLOOKUP(P421,匹配表1065!U:U,匹配表1065!T:T) -> HO00001004 | P421: 连云港市第一人民医院 | Q421: 孙永安 | R421: =_xlfn.XLOOKUP(Q421,匹配表1065!L:L,匹配表1065!O:O) -> B | S421: =IFERROR(_xlfn.XLOOKUP(Q421,匹配表1065!AI:AI,匹配表1065!AJ:AJ),"绿标") -> 绿标 | T421: {=_xlfn.XLOOKUP(Q421,匹配表1065!L:L,匹配表1065!M:N)} -> 脑血管 | U421: 神经内科 | V421: 大于8次（高频） | W421: =_xlfn.XLOOKUP(M421,匹配表1065!D:D,匹配表1065!F:F)*N421 -> 12
A422: 4月 | B422: 46121 | C422: =MONTH(B422)&TEXT(WEEKNUM(B422,2)-WEEKNUM(B422+1-DAY(B422),2)+1,"月第0周") -> 4月第2周 | D422: 4月第2周 | E422: =D422&"--"&"周"&WEEKDAY(B422,2) -> 4月第2周--周4 | F422: 钟君珊 | G422: 孟鈃 | H422: =_xlfn.XLOOKUP(O422,匹配表1065!T:T,匹配表1065!W:W) -> 徐州市 | I422: =_xlfn.XLOOKUP(O422,匹配表1065!T:T,匹配表1065!X:X) -> PME2008 | J422: 章智程 | K422: {=_xlfn.XLOOKUP(J422,匹配表1065!Y:Y,匹配表1065!AA:AB)} -> 19 | L422: 3个月以上 | M422: 3、VM | N422: 1 | O422: =_xlfn.XLOOKUP(P422,匹配表1065!U:U,匹配表1065!T:T) -> HO00000989 | P422: 徐州医科大学附属医院 | Q422: 时宏娟 | R422: =_xlfn.XLOOKUP(Q422,匹配表1065!L:L,匹配表1065!O:O) -> A | S422: =IFERROR(_xlfn.XLOOKUP(Q422,匹配表1065!AI:AI,匹配表1065!AJ:AJ),"绿标") -> 红标 | T422: {=_xlfn.XLOOKUP(Q422,匹配表1065!L:L,匹配表1065!M:N)} -> 头痛 | U422: 神经内科 | V422: 小于4次（低频） | W422: =_xlfn.XLOOKUP(M422,匹配表1065!D:D,匹配表1065!F:F)*N422 -> 12
A423: 4月 | B423: 46121 | C423: =MONTH(B423)&TEXT(WEEKNUM(B423,2)-WEEKNUM(B423+1-DAY(B423),2)+1,"月第0周") -> 4月第2周 | D423: 4月第2周 | E423: =D423&"--"&"周"&WEEKDAY(B423,2) -> 4月第2周--周4 | F423: 钟君珊 | G423: 孟鈃 | H423: =_xlfn.XLOOKUP(O423,匹配表1065!T:T,匹配表1065!W:W) -> 南京市 | I423: =_xlfn.XLOOKUP(O423,匹配表1065!T:T,匹配表1065!X:X) -> PME2001 | J423: 芦晓辉 | K423: {=_xlfn.XLOOKUP(J423,匹配表1065!Y:Y,匹配表1065!AA:AB)} -> 8 | L423: 3个月以上 | M423: 3、VM | N423: 2 | O423: =_xlfn.XLOOKUP(P423,匹配表1065!U:U,匹配表1065!T:T) -> HO00000958 | P423: 江苏省人民医院 | Q423: 燕兰云 | R423: =_xlfn.XLOOKUP(Q423,匹配表1065!L:L,匹配表1065!O:O) -> A | S423: =IFERROR(_xlfn.XLOOKUP(Q423,匹配表1065!AI:AI,匹配表1065!AJ:AJ),"绿标") -> 红标 | T423: {=_xlfn.XLOOKUP(Q423,匹配表1065!L:L,匹配表1065!M:N)} -> 头痛 | U423: 神经内科 | V423: 4-7次（中频） | W423: =_xlfn.XLOOKUP(M423,匹配表1065!D:D,匹配表1065!F:F)*N423 -> 24
A424: 4月 | B424: 46121 | C424: =MONTH(B424)&TEXT(WEEKNUM(B424,2)-WEEKNUM(B424+1-DAY(B424),2)+1,"月第0周") -> 4月第2周 | D424: 4月第2周 | E424: =D424&"--"&"周"&WEEKDAY(B424,2) -> 4月第2周--周4 | F424: 钟君珊 | G424: 孟鈃 | H424: =_xlfn.XLOOKUP(O424,匹配表1065!T:T,匹配表1065!W:W) -> 淮安市 | I424: =_xlfn.XLOOKUP(O424,匹配表1065!T:T,匹配表1065!X:X) -> PME2041 | J424: 徐自豪 | K424: {=_xlfn.XLOOKUP(J424,匹配表1065!Y:Y,匹配表1065!AA:AB)} -> 5 | L424: 3个月以上 | M424: 1、中频 | N424: 1 | O424: =_xlfn.XLOOKUP(P424,匹配表1065!U:U,匹配表1065!T:T) -> HO00000992 | P424: 淮安市第一人民医院 | Q424: 蔡诗昆 | R424: =_xlfn.XLOOKUP(Q424,匹配表1065!L:L,匹配表1065!O:O) -> D | S424: =IFERROR(_xlfn.XLOOKUP(Q424,匹配表1065!AI:AI,匹配表1065!AJ:AJ),"绿标") -> 绿标 | T424: {=_xlfn.XLOOKUP(Q424,匹配表1065!L:L,匹配表1065!M:N)} -> 眩晕 | U424: 神经内科 | V424: 小于4次（低频） | W424: =_xlfn.XLOOKUP(M424,匹配表1065!D:D,匹配表1065!F:F)*N424 -> 4
A425: 4月 | B425: 46121 | C425: =MONTH(B425)&TEXT(WEEKNUM(B425,2)-WEEKNUM(B425+1-DAY(B425),2)+1,"月第0周") -> 4月第2周 | D425: 4月第2周 | E425: =D425&"--"&"周"&WEEKDAY(B425,2) -> 4月第2周--周4 | F425: 钟君珊 | G425: 孟鈃 | H425: =_xlfn.XLOOKUP(O425,匹配表1065!T:T,匹配表1065!W:W) -> 南京市 | I425: =_xlfn.XLOOKUP(O425,匹配表1065!T:T,匹配表1065!X:X) -> PME2002 | J425: 罗世懿 | K425: {=_xlfn.XLOOKUP(J425,匹配表1065!Y:Y,匹配表1065!AA:AB)} -> 31 | L425: 3个月以上 | M425: 3、VM | N425: 1 | O425: =_xlfn.XLOOKUP(P425,匹配表1065!U:U,匹配表1065!T:T) -> HO00000964 | P425: 南京鼓楼医院 | Q425: 韩影 | R425: =_xlfn.XLOOKUP(Q425,匹配表1065!L:L,匹配表1065!O:O) -> D | S425: =IFERROR(_xlfn.XLOOKUP(Q425,匹配表1065!AI:AI,匹配表1065!AJ:AJ),"绿标") -> 红标 | T425: {=_xlfn.XLOOKUP(Q425,匹配表1065!L:L,匹配表1065!M:N)} -> 疼痛 | U425: 疼痛科 | V425: CM/MOH | W425: =_xlfn.XLOOKUP(M425,匹配表1065!D:D,匹配表1065!F:F)*N425 -> 12
...

Sheet 匹配表1065
A1: 匹配 | D1: 患者画像 | E1: 对应 | F1: 值 | H1: DM | I1: MICS | J1: 医院Code | K1: 医院 | L1: 客户 | M1: 亚专业矫正 | N1: 科室矫正 | O1: 客户类型矫正 | R1: 地区名称 | S1: DM姓名 | T1: 医院代码 | U1: 医院名称 | V1: 省 | W1: 城市 | X1: 岗位英文名称 | Y1: MICS姓名 | Z1: 入职时间 | AA1: 工作月份 | AB1: 入职划分 | AF1: DM | AG1: MICS | AH1: 医院名称 | AI1: 客户名 | AJ1: 标类 | AM1: 患者类型
A2: 1M | B2: 4 | D2: 0、低频 | E2: 1S | F2: 1 | H2: 孟鈃 | I2: 王方方 | J2: HO00000958 | K2: 江苏省人民医院 | L2: 王登元 | M2: 眩晕 | N2: 耳鼻喉科 | O2: C | R2: DME2001 | S2: 郑家成 | T2: HO00000960 | U2: 中国人民解放军东部战区总医院秦淮医疗区 | V2: 江苏 | W2: 南京市 | X2: PME2004 | Y2: 杨帆 | Z2: 45901 | AA2: =DATEDIF(Z2,TODAY(),"M") -> 11 | AB2: =LOOKUP(AA2,{0,1,3},{"1个月以内","3个月以内","3个月以上"}) -> 3个月以上 | AF2: 张鑫 | AG2: 冯雅琪 | AH2: 青岛市中医医院 | AI2: 于永鹏 | AJ2: 红标 | AM2: 4-7次（中频）
A3: 2M | B3: 8 | D3: 1、中频 | E3: 1M | F3: 4 | H3: 孟鈃 | I3: 芦晓辉 | J3: HO00000958 | K3: 江苏省人民医院 | L3: 张克忠 | M3: 其他 | N3: 神经内科 | O3: B | R3: DME2001 | S3: 郑家成 | T3: HO00000972 | U3: 中国人民解放军东部战区总医院 | V3: 江苏 | W3: 南京市 | X3: PME2004 | Y3: 杨帆 | Z3: 45901 | AA3: =DATEDIF(Z3,TODAY(),"M") -> 11 | AB3: =LOOKUP(AA3,{0,1,3},{"1个月以内","3个月以内","3个月以上"}) -> 3个月以上 | AF3: 张鑫 | AG3: 冯雅琪 | AH3: 青岛市中医医院 | AI3: 陈晓宇 | AJ3: 红标 | AM3: 大于8次（高频）
A4: 3M | B4: 12 | D4: 2、高频 | E4: 2M | F4: 8 | H4: 孟鈃 | I4: 徐自豪 | J4: HO00000992 | K4: 淮安市第一人民医院 | L4: 蔡诗昆 | M4: 眩晕 | N4: 神经内科 | O4: D | R4: DME2001 | S4: 郑家成 | T4: HO00000974 | U4: 南京梅山医院有限责任公司 | V4: 江苏 | W4: 南京市 | X4: PME2004 | Y4: 杨帆 | Z4: 45901 | AA4: =DATEDIF(Z4,TODAY(),"M") -> 11 | AB4: =LOOKUP(AA4,{0,1,3},{"1个月以内","3个月以内","3个月以上"}) -> 3个月以上 | AF4: 张鑫 | AG4: 冯雅琪 | AH4: 青岛市中医医院 | AI4: 葛洪洲 | AJ4: 红标 | AM4: 小于4次（低频）
A5: 4M | B5: 16 | D5: 3、VM | E5: 3M | F5: 12 | H5: 孟鈃 | I5: 章智程 | J5: HO00000989 | K5: 徐州医科大学附属医院 | L5: 时宏娟 | M5: 头痛 | N5: 神经内科 | O5: A | R5: DME2001 | S5: 郑家成 | T5: HO00000976 | U5: 中国人民解放军东部战区空军医院 | V5: 江苏 | W5: 南京市 | X5: PME2004 | Y5: 杨帆 | Z5: 45901 | AA5: =DATEDIF(Z5,TODAY(),"M") -> 11 | AB5: =LOOKUP(AA5,{0,1,3},{"1个月以内","3个月以内","3个月以上"}) -> 3个月以上 | AF5: 张鑫 | AG5: 冯雅琪 | AH5: 青岛市中医医院 | AI5: 马晓维 | AJ5: 绿标 | AM5: VM
A6: 5M | B6: 20 | D6: 4、慢偏 | E6: 4M | F6: 16 | H6: 孟鈃 | I6: 芦晓辉 | J6: HO00000958 | K6: 江苏省人民医院 | L6: 燕兰云 | M6: 头痛 | N6: 神经内科 | O6: A | R6: DME2001 | S6: 郑家成 | T6: HO00001017 | U6: 南京市江宁医院 | V6: 江苏 | W6: 南京市 | X6: PME2004 | Y6: 杨帆 | Z6: 45901 | AA6: =DATEDIF(Z6,TODAY(),"M") -> 11 | AB6: =LOOKUP(AA6,{0,1,3},{"1个月以内","3个月以内","3个月以上"}) -> 3个月以上 | AF6: 张鑫 | AG6: 冯雅琪 | AH6: 青岛市中医医院 | AI6: 游会增 | AJ6: 绿标 | AM6: CM/MOH
A7: 6M | B7: 24 | D7: 5、MOH | E7: 5M | F7: 20 | H7: 孟鈃 | I7: 芦晓辉 | J7: HO00000958 | K7: 江苏省人民医院 | L7: 李耀 | M7: 脑血管 | N7: 神经内科 | O7: B | R7: DME2001 | S7: 郑家成 | T7: HO00016757 | U7: 南京市浦口区中心医院 | V7: 江苏 | W7: 南京市 | X7: PME2004 | Y7: 杨帆 | Z7: 45901 | AA7: =DATEDIF(Z7,TODAY(),"M") -> 11 | AB7: =LOOKUP(AA7,{0,1,3},{"1个月以内","3个月以内","3个月以上"}) -> 3个月以上 | AF7: 张鑫 | AG7: 冯雅琪 | AH7: 青岛市中医医院 | AI7: 韩萍 | AJ7: 黑标 | AM7: 焦虑抑郁共病
A8: 7M | B8: 28 | D8: 6、其他 | E8: 6M | F8: 24 | H8: 孟鈃 | I8: 芦晓辉 | J8: HO00000958 | K8: 江苏省人民医院 | L8: 金善泉 | M8: 头痛 | N8: 神经内科 | O8: A | R8: DME2001 | S8: 郑家成 | T8: HO00043198 | U8: 南京同仁医院 | V8: 江苏 | W8: 南京市 | X8: PME2004 | Y8: 杨帆 | Z8: 45901 | AA8: =DATEDIF(Z8,TODAY(),"M") -> 11 | AB8: =LOOKUP(AA8,{0,1,3},{"1个月以内","3个月以内","3个月以上"}) -> 3个月以上 | AF8: 张鑫 | AG8: 冯雅琪 | AH8: 青岛市中医医院 | AI8: 唐咏春 | AJ8: 黑标 | AM8: 月经偏
A9: 8M | B9: 32 | H9: 孟鈃 | I9: 黄燕儿 | J9: HO00001004 | K9: 连云港市第一人民医院 | L9: 孙永安 | M9: 脑血管 | N9: 神经内科 | O9: B | R9: DME2001 | S9: 郑家成 | T9: HO00260546 | U9: 南京一民医院有限公司 | V9: 江苏 | W9: 南京市 | X9: PME2004 | Y9: 杨帆 | Z9: 45901 | AA9: =DATEDIF(Z9,TODAY(),"M") -> 11 | AB9: =LOOKUP(AA9,{0,1,3},{"1个月以内","3个月以内","3个月以上"}) -> 3个月以上 | AF9: 张鑫 | AG9: 冯雅琪 | AH9: 青岛市中医医院 | AI9: 于春蕾 | AJ9: 黑标 | AM9: 先兆/脑血管风险
A10: 9M | B10: 36 | H10: 孟鈃 | I10: 罗世懿 | J10: HO00000964 | K10: 南京鼓楼医院 | L10: 张清秀 | M10: 头痛 | N10: 神经内科 | O10: A | R10: DME2001 | S10: 郑家成 | T10: HO00392428 | U10: 南京市江宁医院湖山路院区 | V10: 江苏 | W10: 南京市 | X10: PME2004 | Y10: 杨帆 | Z10: 45901 | AA10: =DATEDIF(Z10,TODAY(),"M") -> 11 | AB10: =LOOKUP(AA10,{0,1,3},{"1个月以内","3个月以内","3个月以上"}) -> 3个月以上 | AF10: 张鑫 | AG10: 冯雅琪 | AH10: 青岛市中医医院 | AI10: 李彬 | AJ10: 黑标 | AM10: 其他
A11: 10M | B11: 40 | H11: 孟鈃 | I11: 罗世懿 | J11: HO00000964 | K11: 南京鼓楼医院 | L11: 韩影 | M11: 疼痛 | N11: 疼痛科 | O11: D | R11: DME2001 | S11: 郑家成 | T11: HO00000961 | U11: 江苏省肿瘤防治研究所 | V11: 江苏 | W11: 南京市 | X11: PME2005 | Y11: 徐燕 | Z11: 46160 | AA11: =DATEDIF(Z11,TODAY(),"M") -> 3 | AB11: =LOOKUP(AA11,{0,1,3},{"1个月以内","3个月以内","3个月以上"}) -> 3个月以上 | AF11: 张鑫 | AG11: 冯雅琪 | AH11: 青岛市中医医院 | AI11: 朱晓宁 | AJ11: 绿标
A12: 1S | B12: 1 | H12: 卜先峰 | I12: 杨胜运 | J12: HO00000001 | K12: 安徽医科大学第一附属医院 | L12: 汪敬业 | M12: 眩晕 | N12: 神经内科 | O12: C | R12: DME2001 | S12: 郑家成 | T12: HO00000973 | U12: 南京市胸科医院 | V12: 江苏 | W12: 南京市 | X12: PME2005 | Y12: 徐燕 | Z12: 46160 | AA12: =DATEDIF(Z12,TODAY(),"M") -> 3 | AB12: =LOOKUP(AA12,{0,1,3},{"1个月以内","3个月以内","3个月以上"}) -> 3个月以上 | AF12: 张鑫 | AG12: 冯雅琪 | AH12: 青岛大学附属医院 | AI12: 刘敏 | AJ12: 红标
A13: 2S | B13: 2 | H13: 卜先峰 | I13: 杨胜运 | J13: HO00000001 | K13: 安徽医科大学第一附属医院 | L13: 张龙 | M13: 脑血管 | N13: 神经内科 | O13: B | R13: DME2001 | S13: 郑家成 | T13: HO00000975 | U13: 南京脑科医院 | V13: 江苏 | W13: 南京市 | X13: PME2005 | Y13: 徐燕 | Z13: 46160 | AA13: =DATEDIF(Z13,TODAY(),"M") -> 3 | AB13: =LOOKUP(AA13,{0,1,3},{"1个月以内","3个月以内","3个月以上"}) -> 3个月以上 | AF13: 张鑫 | AG13: 冯雅琪 | AH13: 青岛大学附属医院 | AI13: 李红云 | AJ13: 红标
A14: 3S | B14: 3 | H14: 卜先峰 | I14: 杨胜运 | J14: HO00000001 | K14: 安徽医科大学第一附属医院 | L14: 章娟娟 | M14: 头痛 | N14: 神经内科 | O14: A | R14: DME2001 | S14: 郑家成 | T14: HO00098805 | U14: 南京仁品耳鼻喉专科医院 | V14: 江苏 | W14: 南京市 | X14: PME2005 | Y14: 徐燕 | Z14: 46160 | AA14: =DATEDIF(Z14,TODAY(),"M") -> 3 | AB14: =LOOKUP(AA14,{0,1,3},{"1个月以内","3个月以内","3个月以上"}) -> 3个月以上 | AF14: 张鑫 | AG14: 冯雅琪 | AH14: 青岛大学附属医院 | AI14: 赵仁亮 | AJ14: 黑标
A15: 4S | B15: 4 | H15: 卜先峰 | I15: 许恺丽 | J15: HO00002956 | K15: 安徽医科大学第一附属医院南区 | L15: 高建国 | M15: 脑血管 | N15: 神经内科 | O15: B | R15: DME2001 | S15: 郑家成 | T15: HO00137885 | U15: 南京市建邺区南湖社区卫生服务中心 | V15: 江苏 | W15: 南京市 | X15: PME2005 | Y15: 徐燕 | Z15: 46160 | AA15: =DATEDIF(Z15,TODAY(),"M") -> 3 | AB15: =LOOKUP(AA15,{0,1,3},{"1个月以内","3个月以内","3个月以上"}) -> 3个月以上 | AF15: 张鑫 | AG15: 冯雅琪 | AH15: 青岛大学附属医院 | AI15: 王乃东 | AJ15: 黑标
A16: 5S | B16: 5 | H16: 张鑫 | I16: 陈彩虹 | J16: HO00072793 | K16: 青岛市西海岸医院 | L16: 张亮 | M16: 头痛 | N16: 神经内科 | O16: A | R16: DME2001 | S16: 郑家成 | T16: HO00140094 | U16: 南京医科大学附属逸夫医院 | V16: 江苏 | W16: 南京市 | X16: PME2005 | Y16: 徐燕 | Z16: 46160 | AA16: =DATEDIF(Z16,TODAY(),"M") -> 3 | AB16: =LOOKUP(AA16,{0,1,3},{"1个月以内","3个月以内","3个月以上"}) -> 3个月以上 | AF16: 张鑫 | AG16: 冯雅琪 | AH16: 青岛大学附属医院 | AI16: 张晓恒 | AJ16: 红标
A17: 6S | B17: 6 | H17: 张鑫 | I17: 陈彩虹 | J17: HO00072793 | K17: 青岛市西海岸医院 | L17: 李宏 | M17: 眩晕 | N17: 神经内科 | O17: C | R17: DME2001 | S17: 郑家成 | T17: HO00157456 | U17: 南京圆心门诊部有限公司 | V17: 江苏 | W17: 南京市 | X17: PME2005 | Y17: 徐燕 | Z17: 46160 | AA17: =DATEDIF(Z17,TODAY(),"M") -> 3 | AB17: =LOOKUP(AA17,{0,1,3},{"1个月以内","3个月以内","3个月以上"}) -> 3个月以上 | AF17: 张鑫 | AG17: 冯雅琪 | AH17: 青岛大学附属医院 | AI17: 纪彩丽 | AJ17: 绿标
A18: 7S | B18: 7 | H18: 张鑫 | I18: 陈本相 | J18: HO00001481 | K18: 青岛市妇女儿童医院 | L18: 梁冰 | M18: 头痛 | N18: 神经内科 | O18: A | R18: DME2001 | S18: 郑家成 | T18: HO00402266 | U18: 南京健华康复医院有限公司 | V18: 江苏 | W18: 南京市 | X18: PME2005 | Y18: 徐燕 | Z18: 46160 | AA18: =DATEDIF(Z18,TODAY(),"M") -> 3 | AB18: =LOOKUP(AA18,{0,1,3},{"1个月以内","3个月以内","3个月以上"}) -> 3个月以上 | AF18: 张鑫 | AG18: 冯雅琪 | AH18: 青岛大学附属医院 | AI18: 王琨 | AJ18: 红标
A19: 8S | B19: 8 | H19: 张鑫 | I19: 陈本相 | J19: HO00273985 | K19: 青岛大学附属医院(平度院区) | L19: 李鑫 | M19: 脑血管 | N19: 神经内科 | O19: B | R19: DME2001 | S19: 郑家成 | T19: HO00000959 | U19: 南京市第一医院 | V19: 江苏 | W19: 南京市 | X19: PME2006 | Y19: 孙娟 | Z19: 45803 | AA19: =DATEDIF(Z19,TODAY(),"M") -> 15 | AB19: =LOOKUP(AA19,{0,1,3},{"1个月以内","3个月以内","3个月以上"}) -> 3个月以上 | AF19: 张鑫 | AG19: 冯雅琪 | AH19: 青岛大学附属医院 | AI19: 王源 | AJ19: 黑标
A20: 9S | B20: 9 | H20: 张鑫 | I20: 鲁景霄 | J20: HO00024398 | K20: 淄博一四八医院 | L20: 李修文 | M20: 眩晕 | N20: 神经内科 | O20: C | R20: DME2001 | S20: 郑家成 | T20: HO00000965 | U20: 东南大学附属中大医院 | V20: 江苏 | W20: 南京市 | X20: PME2006 | Y20: 孙娟 | Z20: 45803 | AA20: =DATEDIF(Z20,TODAY(),"M") -> 15 | AB20: =LOOKUP(AA20,{0,1,3},{"1个月以内","3个月以内","3个月以上"}) -> 3个月以上 | AF20: 张鑫 | AG20: 冯雅琪 | AH20: 青岛大学附属医院 | AI20: 赵洪芹 | AJ20: 黑标
A21: 10S | B21: 10 | H21: 张鑫 | I21: 张鑫 | J21: HO00139638 | K21: 山东阳光融和医院有限责任公司 | L21: 逄锦晶 | M21: 眩晕 | N21: 神经内科 | O21: C | R21: DME2001 | S21: 郑家成 | T21: HO00000997 | U21: 南京市红十字医院 | V21: 江苏 | W21: 南京市 | X21: PME2006 | Y21: 孙娟 | Z21: 45803 | AA21: =DATEDIF(Z21,TODAY(),"M") -> 15 | AB21: =LOOKUP(AA21,{0,1,3},{"1个月以内","3个月以内","3个月以上"}) -> 3个月以上 | AF21: 张鑫 | AG21: 冯雅琪 | AH21: 青岛大学附属医院 | AI21: 王海萍 | AJ21: 绿标
H22: 张鑫 | I22: 张鑫 | J22: HO00001466 | K22: 诸城市人民医院 | L22: 房春燕 | M22: 眩晕 | N22: 神经内科 | O22: C | R22: DME2001 | S22: 郑家成 | T22: HO00001002 | U22: 南京市第一医院河西院区 | V22: 江苏 | W22: 南京市 | X22: PME2006 | Y22: 孙娟 | Z22: 45803 | AA22: =DATEDIF(Z22,TODAY(),"M") -> 15 | AB22: =LOOKUP(AA22,{0,1,3},{"1个月以内","3个月以内","3个月以上"}) -> 3个月以上 | AF22: 张鑫 | AG22: 冯雅琪 | AH22: 青岛大学附属医院 | AI22: 杨绍楠 | AJ22: 绿标
H23: 张鑫 | I23: 张鑫 | J23: HO00001496 | K23: 山东第二医科大学附属医院 | L23: 于新军 | M23: 眩晕 | N23: 神经内科 | O23: C | R23: DME2001 | S23: 郑家成 | T23: HO00016614 | U23: 南京市溧水区人民医院 | V23: 江苏 | W23: 南京市 | X23: PME2006 | Y23: 孙娟 | Z23: 45803 | AA23: =DATEDIF(Z23,TODAY(),"M") -> 15 | AB23: =LOOKUP(AA23,{0,1,3},{"1个月以内","3个月以内","3个月以上"}) -> 3个月以上 | AF23: 张鑫 | AG23: 冯雅琪 | AH23: 青岛大学附属医院 | AI23: 曲美洁 | AJ23: 黑标
H24: 张鑫 | I24: 鲁景霄 | J24: HO00001431 | K24: 淄博市中心医院 | L24: 高怀清 | M24: 脑血管 | N24: 神经内科 | O24: B | R24: DME2001 | S24: 郑家成 | T24: HO00208681 | U24: 东南大学附属中大医院江北院区 | V24: 江苏 | W24: 南京市 | X24: PME2006 | Y24: 孙娟 | Z24: 45803 | AA24: =DATEDIF(Z24,TODAY(),"M") -> 15 | AB24: =LOOKUP(AA24,{0,1,3},{"1个月以内","3个月以内","3个月以上"}) -> 3个月以上 | AF24: 张鑫 | AG24: 冯雅琪 | AH24: 青岛大学附属医院 | AI24: 王亚男 | AJ24: 黑标
H25: 张鑫 | I25: 鲁景霄 | J25: HO00001431 | K25: 淄博市中心医院 | L25: 甘红梅 | M25: 脑血管 | N25: 神经内科 | O25: B | R25: DME2001 | S25: 郑家成 | T25: HO00000952 | U25: 仪征市人民医院 | V25: 江苏 | W25: 扬州市 | X25: PME2012 | Y25: 高佳怡 | Z25: 45839 | AA25: =DATEDIF(Z25,TODAY(),"M") -> 13 | AB25: =LOOKUP(AA25,{0,1,3},{"1个月以内","3个月以内","3个月以上"}) -> 3个月以上 | AF25: 张鑫 | AG25: 冯雅琪 | AH25: 青岛大学附属医院 | AI25: 宋敬卉 | AJ25: 黑标
H26: 张鑫 | I26: 李明晖 | J26: HO00001482 | K26: 青岛市市立医院 | L26: 王新 | M26: 头痛 | N26: 神经内科 | O26: A | R26: DME2001 | S26: 郑家成 | T26: HO00000953 | U26: 泰兴市人民医院 | V26: 江苏 | W26: 泰州市 | X26: PME2012 | Y26: 高佳怡 | Z26: 45839 | AA26: =DATEDIF(Z26,TODAY(),"M") -> 13 | AB26: =LOOKUP(AA26,{0,1,3},{"1个月以内","3个月以内","3个月以上"}) -> 3个月以上 | AF26: 张鑫 | AG26: 冯雅琪 | AH26: 青岛心血管病医院 | AI26: 毛丽娜 | AJ26: 红标
H27: 张鑫 | I27: 李明晖 | J27: HO00001482 | K27: 青岛市市立医院 | L27: 孙铭宏 | M27: 眩晕 | N27: 耳鼻喉科 | O27: C | R27: DME2001 | S27: 郑家成 | T27: HO00000954 | U27: 泰州市第二人民医院 | V27: 江苏 | W27: 泰州市 | X27: PME2012 | Y27: 高佳怡 | Z27: 45839 | AA27: =DATEDIF(Z27,TODAY(),"M") -> 13 | AB27: =LOOKUP(AA27,{0,1,3},{"1个月以内","3个月以内","3个月以上"}) -> 3个月以上 | AF27: 张鑫 | AG27: 冯雅琪 | AH27: 青岛心血管病医院 | AI27: 薛慧芳 | AJ27: 绿标
H28: 张鑫 | I28: 李明晖 | J28: HO00001482 | K28: 青岛市市立医院 | L28: 李永团 | M28: 眩晕 | N28: 耳鼻喉科 | O28: C | R28: DME2001 | S28: 郑家成 | T28: HO00000968 | U28: 江苏省苏北人民医院 | V28: 江苏 | W28: 扬州市 | X28: PME2012 | Y28: 高佳怡 | Z28: 45839 | AA28: =DATEDIF(Z28,TODAY(),"M") -> 13 | AB28: =LOOKUP(AA28,{0,1,3},{"1个月以内","3个月以内","3个月以上"}) -> 3个月以上 | AF28: 张鑫 | AG28: 冯雅琪 | AH28: 青岛心血管病医院 | AI28: 董丽丽 | AJ28: 黑标
H29: 张鑫 | I29: 邹誉颍 | J29: HO00001522 | K29: 烟台毓璜顶医院 | L29: 高晓玉 | M29: 头痛 | N29: 神经内科 | O29: A | R29: DME2001 | S29: 郑家成 | T29: HO00000969 | U29: 扬州大学附属医院(原扬州市第一人民医院) | V29: 江苏 | W29: 扬州市 | X29: PME2012 | Y29: 高佳怡 | Z29: 45839 | AA29: =DATEDIF(Z29,TODAY(),"M") -> 13 | AB29: =LOOKUP(AA29,{0,1,3},{"1个月以内","3个月以内","3个月以上"}) -> 3个月以上 | AF29: 张鑫 | AG29: 陈彩虹 | AH29: 青岛大学附属医院西海岸院区 | AI29: 李宏 | AJ29: 红标
H30: 张鑫 | I30: 冯雅琪 | J30: HO00001483 | K30: 青岛市中医医院 | L30: 于永鹏 | M30: 头痛 | N30: 神经内科 | O30: A | R30: DME2001 | S30: 郑家成 | T30: HO00000970 | U30: 扬州市中医院 | V30: 江苏 | W30: 扬州市 | X30: PME2012 | Y30: 高佳怡 | Z30: 45839 | AA30: =DATEDIF(Z30,TODAY(),"M") -> 13 | AB30: =LOOKUP(AA30,{0,1,3},{"1个月以内","3个月以内","3个月以上"}) -> 3个月以上 | AF30: 张鑫 | AG30: 陈彩虹 | AH30: 西海岸中心医院 | AI30: 王传林 | AJ30: 绿标
H31: 张鑫 | I31: 冯雅琪 | J31: HO00370760 | K31: 青岛大学附属医院崂山院区 | L31: 王琨 | M31: 头痛 | N31: 神经内科 | O31: A | R31: DME2001 | S31: 郑家成 | T31: HO00000983 | U31: 扬州友好医院 | V31: 江苏 | W31: 扬州市 | X31: PME2012 | Y31: 高佳怡 | Z31: 45839 | AA31: =DATEDIF(Z31,TODAY(),"M") -> 13 | AB31: =LOOKUP(AA31,{0,1,3},{"1个月以内","3个月以内","3个月以上"}) -> 3个月以上 | AF31: 张鑫 | AG31: 陈彩虹 | AH31: 康复大学青岛中心医院 | AI31: 相波 | AJ31: 红标
H32: 张鑫 | I32: 冯雅琪 | J32: HO00001483 | K32: 青岛市中医医院 | L32: 陈晓宇 | M32: 眩晕 | N32: 耳鼻喉科 | O32: C | R32: DME2001 | S32: 郑家成 | T32: HO00001005 | U32: 江苏省第一荣军优抚医院 | V32: 江苏 | W32: 扬州市 | X32: PME2012 | Y32: 高佳怡 | Z32: 45839 | AA32: =DATEDIF(Z32,TODAY(),"M") -> 13 | AB32: =LOOKUP(AA32,{0,1,3},{"1个月以内","3个月以内","3个月以上"}) -> 3个月以上 | AF32: 张鑫 | AG32: 陈彩虹 | AH32: 康复大学青岛中心医院 | AI32: 李海燕 | AJ32: 红标
H33: 张鑫 | I33: 冯雅琪 | J33: HO00001483 | K33: 青岛市中医医院 | L33: 马晓维 | M33: 眩晕 | N33: 神经内科 | O33: C | R33: DME2001 | S33: 郑家成 | T33: HO00001006 | U33: 泰州市人民医院 | V33: 江苏 | W33: 泰州市 | X33: PME2012 | Y33: 高佳怡 | Z33: 45839 | AA33: =DATEDIF(Z33,TODAY(),"M") -> 13 | AB33: =LOOKUP(AA33,{0,1,3},{"1个月以内","3个月以内","3个月以上"}) -> 3个月以上 | AF33: 张鑫 | AG33: 陈彩虹 | AH33: 西海岸中心医院 | AI33: 高山 | AJ33: 绿标
... H432: 张鑫 | I432: 冯雅琪 | J432: HO00001477 | K432: 青岛大学附属医院 | L432: 王乃东 | M432: 脑血管 | N432: 神经内科 | O432: B | R432: DME2005 | S432: 张鑫 | T432: HO00025649 | U432: 淄博市张店区中医院 | V432: 山东 | W432: 淄博市 | X432: PME2043 | Y432: 鲁景霄 | Z432: 45985 | AA432: =DATEDIF(Z432,TODAY(),"M") -> 9 | AB432: =LOOKUP(AA432,{0,1,3},{"1个月以内","3个月以内","3个月以上"}) -> 3个月以上 | AF432: 郑家成 | AG432: 刘银 | AH432: 南京脑科医院 | AI432: 沙瑞娟 | AJ432: 绿标
H433: 张鑫 | I433: 邹誉颍 | J433: #N/A | K433: 招远人民医院 | L433: 刘卫业 | M433: 疼痛 | N433: 疼痛科 | O433: D | R433: DME2005 | S433: 张鑫 | T433: HO00041959 | U433: 淄博昌国医院有限公司 | V433: 山东 | W433: 淄博市 | X433: PME2043 | Y433: 鲁景霄 | Z433: 45985 | AA433: =DATEDIF(Z433,TODAY(),"M") -> 9 | AB433: =LOOKUP(AA433,{0,1,3},{"1个月以内","3个月以内","3个月以上"}) -> 3个月以上 | AF433: 郑家成 | AG433: 刘银 | AH433: 南京脑科医院 | AI433: 陈道文 | AJ433: 绿标
H434: 卜先峰 | I434: 许恺丽 | J434: HO00002956 | K434: 安徽医科大学第一附属医院南区 | L434: 卫玲 | M434: 脑血管 | N434: 神经内科 | O434: B | R434: DME2005 | S434: 张鑫 | T434: HO00286401 | U434: 淄博市中心医院(西院区) | V434: 山东 | W434: 淄博市 | X434: PME2043 | Y434: 鲁景霄 | Z434: 45985 | AA434: =DATEDIF(Z434,TODAY(),"M") -> 9 | AB434: =LOOKUP(AA434,{0,1,3},{"1个月以内","3个月以内","3个月以上"}) -> 3个月以上 | AF434: 郑家成 | AG434: 刘银 | AH434: 南京脑科医院 | AI434: 陆杰 | AJ434: 绿标
H435: 郑家成 | I435: 缪苏琴 | J435: HO00000941 | K435: 常州市第二人民医院 | L435: 王全海 | M435: 其他 | N435: 其他 | O435: D | R435: DME2006 | S435: 卜先峰 | T435: HO00000004 | U435: 马鞍山市人民医院 | V435: 安徽 | W435: 马鞍山市 | X435: PME2003 | Y435: 孙小寒 | Z435: 46204 | AA435: =DATEDIF(Z435,TODAY(),"M") -> 1 | AB435: =LOOKUP(AA435,{0,1,3},{"1个月以内","3个月以内","3个月以上"}) -> 3个月以内 | AF435: 郑家成 | AG435: 刘银 | AH435: 南京脑科医院 | AI435: 黄琳 | AJ435: 绿标
H436: 郑家成 | I436: 杨帆 | J436: HO00000972 | K436: 中国人民解放军东部战区总医院 | L436: 肖露露 | M436: 脑血管 | N436: 神经内科 | O436: B | R436: DME2006 | S436: 卜先峰 | T436: HO00000013 | U436: 芜湖市第一人民医院 | V436: 安徽 | W436: 芜湖市 | X436: PME2003 | Y436: 孙小寒 | Z436: 46204 | AA436: =DATEDIF(Z436,TODAY(),"M") -> 1 | AB436: =LOOKUP(AA436,{0,1,3},{"1个月以内","3个月以内","3个月以上"}) -> 3个月以内 | AF436: 郑家成 | AG436: 刘银 | AH436: 南京脑科医院 | AI436: 陈洁 | AJ436: 绿标
H437: 孟鈃 | I437: 王方方 | J437: HO00000958 | K437: 江苏省人民医院 | L437: 杨文平 | M437: 脑血管 | N437: 神经内科 | O437: B | R437: DME2006 | S437: 卜先峰 | T437: HO00000014 | U437: 华东师范大学附属芜湖医院 | V437: 安徽 | W437: 芜湖市 | X437: PME2003 | Y437: 孙小寒 | Z437: 46204 | AA437: =DATEDIF(Z437,TODAY(),"M") -> 1 | AB437: =LOOKUP(AA437,{0,1,3},{"1个月以内","3个月以内","3个月以上"}) -> 3个月以内 | AF437: 郑家成 | AG437: 刘银 | AH437: 南京脑科医院 | AI437: 许利刚 | AJ437: 绿标
H438: 孟鈃 | I438: 章智程 | J438: HO00001134 | K438: 徐州矿务集团总医院暨徐州医科大学院第二附属医院 | L438: 杨华 | M438: 脑血管 | N438: 神经内科 | O438: B | R438: DME2006 | S438: 卜先峰 | T438: HO00000018 | U438: 皖南医学院第二附属医院 | V438: 安徽 | W438: 芜湖市 | X438: PME2003 | Y438: 孙小寒 | Z438: 46204 | AA438: =DATEDIF(Z438,TODAY(),"M") -> 1 | AB438: =LOOKUP(AA438,{0,1,3},{"1个月以内","3个月以内","3个月以上"}) -> 3个月以内 | AF438: 郑家成 | AG438: 刘银 | AH438: 南京脑科医院 | AI438: 田敏捷 | AJ438: 绿标
H439: 张鑫 | I439: 李明晖 | J439: HO00001482 | K439: 青岛市市立医院 | L439: 王粤 | M439: 脑血管 | N439: 神经内科 | O439: B | R439: DME2006 | S439: 卜先峰 | T439: HO00000021 | U439: 南京鼓楼医院集团安庆市石化医院有限公司 | V439: 安徽 | W439: 安庆市 | X439: PME2003 | Y439: 孙小寒 | Z439: 46204 | AA439: =DATEDIF(Z439,TODAY(),"M") -> 1 | AB439: =LOOKUP(AA439,{0,1,3},{"1个月以内","3个月以内","3个月以上"}) -> 3个月以内 | AF439: 郑家成 | AG439: 刘银 | AH439: 南京脑科医院 | AI439: 祝东林 | AJ439: 绿标
H440: 李路 | I440: 白云松 | J440: HO00001400 | K440: 山东第一医科大学附属省立医院 | L440: 陈刚 | M440: 眩晕 | N440: 耳鼻喉科 | O440: C | R440: DME2006 | S440: 卜先峰 | T440: HO00000022 | U440: 皖南医学院第一附属医院 | V440: 安徽 | W440: 芜湖市 | X440: PME2003 | Y440: 孙小寒 | Z440: 46204 | AA440: =DATEDIF(Z440,TODAY(),"M") -> 1 | AB440: =LOOKUP(AA440,{0,1,3},{"1个月以内","3个月以内","3个月以上"}) -> 3个月以内 | AF440: 郑家成 | AG440: 刘银 | AH440: 南京脑科医院 | AI440: 尹俊雄 | AJ440: 绿标
H441: 李路 | I441: 公茂伟 | J441: HO00001409 | K441: 山东大学第二医院 | L441: 张红 | M441: 抑郁焦虑 | N441: 精神心理科 | O441: D | R441: DME2006 | S441: 卜先峰 | T441: HO00000026 | U441: 安庆市立医院 | V441: 安徽 | W441: 安庆市 | X441: PME2003 | Y441: 孙小寒 | Z441: 46204 | AA441: =DATEDIF(Z441,TODAY(),"M") -> 1 | AB441: =LOOKUP(AA441,{0,1,3},{"1个月以内","3个月以内","3个月以上"}) -> 3个月以内 | AF441: 郑家成 | AG441: 刘银 | AH441: 南京脑科医院 | AI441: 张燕芳 | AJ441: 绿标
H442: 何方禹 | I442: 卢星翰 | J442: HO00001048 | K442: 苏州大学附属第二医院 | L442: 刘春风 | M442: 脑血管 | N442: 神经内科 | O442: B | R442: DME2006 | S442: 卜先峰 | T442: HO00000033 | U442: 德驭医疗马鞍山总医院有限公司 | V442: 安徽 | W442: 马鞍山市 | X442: PME2003 | Y442: 孙小寒 | Z442: 46204 | AA442: =DATEDIF(Z442,TODAY(),"M") -> 1 | AB442: =LOOKUP(AA442,{0,1,3},{"1个月以内","3个月以内","3个月以上"}) -> 3个月以内 | AF442: 郑家成 | AG442: 刘银 | AH442: 南京脑科医院 | AI442: 刘卫国 | AJ442: 绿标
H443: 孟鈃 | I443: 王方方 | J443: HO00000958 | K443: 江苏省人民医院 | L443: 秦晓旋 | M443: 脑血管 | N443: 神经内科 | O443: B | R443: DME2006 | S443: 卜先峰 | T443: HO00002666 | U443: 海军安庆医院 | V443: 安徽 | W443: 安庆市 | X443: PME2003 | Y443: 孙小寒 | Z443: 46204 | AA443: =DATEDIF(Z443,TODAY(),"M") -> 1 | AB443: =LOOKUP(AA443,{0,1,3},{"1个月以内","3个月以内","3个月以上"}) -> 3个月以内 | AF443: 郑家成 | AG443: 刘银 | AH443: 南京脑科医院 | AI443: 郁媛文 | AJ443: 绿标
H444: 孟鈃 | I444: 芦晓辉 | J444: HO00000958 | K444: 江苏省人民医院 | L444: 张磊 | M444: 眩晕 | N444: 神经内科 | O444: C | R444: DME2006 | S444: 卜先峰 | T444: HO00002668 | U444: 安庆市第二人民医院 | V444: 安徽 | W444: 安庆市 | X444: PME2003 | Y444: 孙小寒 | Z444: 46204 | AA444: =DATEDIF(Z444,TODAY(),"M") -> 1 | AB444: =LOOKUP(AA444,{0,1,3},{"1个月以内","3个月以内","3个月以上"}) -> 3个月以内 | AF444: 郑家成 | AG444: 刘银 | AH444: 南京脑科医院 | AI444: 张利贞 | AJ444: 绿标
H445: 孟鈃 | I445: 罗世懿 | J445: HO00000964 | K445: 南京鼓楼医院 | L445: 徐运 | M445: 脑血管 | N445: 神经内科 | O445: B | R445: DME2006 | S445: 卜先峰 | T445: HO00002795 | U445: 安庆市第一人民医院 | V445: 安徽 | W445: 安庆市 | X445: PME2003 | Y445: 孙小寒 | Z445: 46204 | AA445: =DATEDIF(Z445,TODAY(),"M") -> 1 | AB445: =LOOKUP(AA445,{0,1,3},{"1个月以内","3个月以内","3个月以上"}) -> 3个月以内 | AF445: 郑家成 | AG445: 刘银 | AH445: 南京脑科医院 | AI445: 胡秀秀 | AJ445: 绿标
... H478: 何方禹 | I478: 张桂香 | J478: HO00307823 | K478: 苏州大学附属第一医院总院 | L478: 王洪霞 | M478: 脑血管 | N478: 神经内科 | O478: B | R478: DME2006 | S478: 卜先峰 | T478: HO00350476 | U478: 安徽中科庚玖医院有限公司 | V478: 安徽 | W478: 合肥市 | X478: PME2048 | Y478: 许恺丽 | Z478: 46133 | AA478: =DATEDIF(Z478,TODAY(),"M") -> 4 | AB478: =LOOKUP(AA478,{0,1,3},{"1个月以内","3个月以内","3个月以上"}) -> 3个月以上 | AF478: 郑家成 | AG478: 陆佳杰 | AH478: 高淳人民医院 | AI478: 卢建新 | AJ478: 黑标
H479: 何方禹 | I479: 卢星翰 | J479: HO00001048 | K479: 苏州大学附属第二医院 | L479: 黄译腺 | M479: 头痛 | N479: 神经内科 | O479: A | AF479: 郑家成 | AG479: 陆佳杰 | AH479: 高淳人民医院 | AI479: 徐旭然 | AJ479: 黑标
H480: 何方禹 | I480: 杜研 | J480: HO00001050 | K480: 苏州市立医院(北区) | L480: 李润楠 | M480: 头痛 | N480: 神经内科 | O480: A | AF480: 郑家成 | AG480: 陆佳杰 | AH480: 高淳人民医院 | AI480: 张守成 | AJ480: 绿标
H481: 李路 | I481: 公茂伟 | J481: HO00001417 | K481: 山东省精神卫生中心 | L481: 刘增训 | M481: 抑郁焦虑 | N481: 精神心理科 | O481: D | AF481: 郑家成 | AG481: 陆佳杰 | AH481: 高淳人民医院 | AI481: 王柳清 | AJ481: 绿标
H482: 李路 | I482: 郭昊 | J482: HO00001460 | K482: 滨州医学院附属医院 | L482: 陈金波 | M482: 头痛 | N482: 神经内科 | O482: A | AF482: 郑家成 | AG482: 陆佳杰 | AH482: 高淳人民医院 | AI482: 徐珊珊 | AJ482: 黑标
H483: 李路 | I483: 公茂伟 | J483: HO00001409 | K483: 山东大学第二医院 | L483: 杨慧 | M483: 脑血管 | N483: 神经内科 | O483: B | AF483: 郑家成 | AG483: 陆佳杰 | AH483: 高淳人民医院 | AI483: 蒋孝忠 | AJ483: 黑标
H484: 李路 | I484: 李琳琳 | J484: HO00036712 | K484: 临沂市人民医院北城新区医院 | L484: 李伟 | M484: 脑血管 | N484: 神经内科 | O484: B | AF484: 郑家成 | AG484: 孙娟 | AH484: 南京市第一医院 | AI484: 蒋腾 | AJ484: 黑标
H485: 李路 | I485: 白云松 | J485: HO00001400 | K485: 山东第一医科大学附属省立医院 | L485: 薛媛 | M485: 癫痫 | N485: 神经内科 | O485: B | AF485: 郑家成 | AG485: 孙娟 | AH485: 南京市第一医院 | AI485: 周俊山 | AJ485: 黑标
H486: 李路 | I486: 白云松 | J486: HO00001400 | K486: 山东第一医科大学附属省立医院 | L486: 汪春娟 | M486: 脑血管 | N486: 神经内科 | O486: B | AF486: 郑家成 | AG486: 孙娟 | AH486: 南京市第一医院 | AI486: 徐梦怡 | AJ486: 红标
H487: 张鑫 | I487: 陈彩虹 | J487: HO00001495 | K487: 青岛市黄岛区中心医院 | L487: 张兴超 | M487: 脑血管 | N487: 神经内科 | O487: B | AF487: 郑家成 | AG487: 孙娟 | AH487: 南京市第一医院 | AI487: 刘春梅 | AJ487: 红标
H488: 张鑫 | I488: 陈彩虹 | J488: HO00001478 | K488: 康复大学青岛中心医院 | L488: 刘述磊 | M488: 脑血管 | N488: 神经内科 | O488: B | AF488: 郑家成 | AG488: 孙娟 | AH488: 南京市第一医院 | AI488: 赵真 | AJ488: 红标
H489: 张鑫 | I489: 李明晖 | J489: HO00001527 | K489: 中国人民解放军海军第九七一医院 | L489: 于辛 | M489: 癫痫 | N489: 神经内科 | O489: B | AF489: 郑家成 | AG489: 孙娟 | AH489: 南京市第一医院 | AI489: 徐晨婕 | AJ489: 黑标
H490: 张鑫 | I490: 邹誉颍 | J490: HO00001522 | K490: 青岛大学附属烟台毓璜顶医院 | L490: 梁立升 | M490: 疼痛 | N490: 疼痛科 | O490: D | AF490: 郑家成 | AG490: 孙娟 | AH490: 东南大学附属中大医院 | AI490: 谢春明 | AJ490: 绿标
... H843: 何方禹 | I843: 卢星翰 | J843: HO00001048 | K843: 苏州大学附属第二医院 | L843: 程筱雨 | M843: 脑血管 | N843: 神经内科 | O843: B | AF843: 李路 | AG843: 王明月 | AH843: 山东省立医院 | AI843: 满荣军 | AJ843: 黑标
H844: 何方禹 | I844: 卢星翰 | J844: HO00001048 | K844: 苏州大学附属第二医院 | L844: 王辰涛 | M844: 脑血管 | N844: 神经内科 | O844: B
H845: 何方禹 | I845: 张桂香 | J845: HO00307823 | K845: 苏州大学附属第一医院总院 | L845: 陶朵朵 | M845: 眩晕 | N845: 耳鼻喉科 | O845: C
H846: 张鑫 | I846: 冯雅琪 | J846: HO00001483 | K846: 青岛市中医医院 | L846: 黄婧文 | M846: 其他 | N846: 其他 | O846: D
H847: 郑家成 | I847: 孙娟 | J847: HO00208681 | K847: 东南大学附属中大医院江北院区 | L847: 李晓莉 | M847: 脑血管 | N847: 神经内科 | O847: B
H848: 郑家成 | I848: 缪苏琴 | J848: HO00000940 | K848: 常州市第一人民医院 | L848: 丁俭 | M848: 脑血管 | N848: 神经内科 | O848: B
H849: 张鑫 | I849: 陈彩虹 | J849: HO00001432 | K849: 青岛市黄岛区中医医院 | L849: 刁健炜 | M849: 脑血管 | N849: 神经内科 | O849: B
H850: 李路 | I850: 王明月 | J850: HO00001400 | K850: 山东第一医科大学附属省立医院 | L850: 尹苓 | M850: 脑血管 | N850: 神经内科 | O850: B
H851: 孟鈃 | I851: 黄燕儿 | J851: HO00001004 | K851: 连云港市第一人民医院 | L851: 关瑞 | M851: 眩晕 | N851: 耳鼻喉科 | O851: C
H852: 孟鈃 | I852: 芦晓辉 | J852: HO00046044 | K852: 江苏省妇幼保健院 | L852: 孙圆圆 | M852: 其他 | N852: 其他 | O852: D
H853: 张鑫 | I853: 陈本相 | J853: HO00001531 | K853: 日照市人民医院 | L853: 宋瑞峰 | M853: 眩晕 | N853: 耳鼻喉科 | O853: C
H854: 何方禹 | I854: 黄义杰 | J854: HO00001062 | K854: 昆山市中医医院 | L854: 邹芳 | M854: 头痛 | N854: 神经内科 | O854: A
H855: 李路 | I855: 白云松 | J855: HO00001400 | K855: 山东第一医科大学附属省立医院 | L855: 徐栩栩 | M855: 脑血管 | N855: 神经内科 | O855: B
... H961: 何方禹 | I961: 杜研 | J961: HO00001047 | K961: 苏州市立医院道前院区 | L961: 王韦 | M961: 脑血管 | N961: 神经内科 | O961: B
H962: 何方禹 | I962: 陈利丰 | J962: =_xlfn.XLOOKUP(K962,U:U,T:T) -> HO00402369 | K962: 常熟市第二人民医院 | L962: 赵宗波 | M962: 脑血管 | N962: 神经内科 | O962: B
H963: 卜先峰 | I963: 孙小寒 | J963: =_xlfn.XLOOKUP(K963,U:U,T:T) -> HO00000004 | K963: 马鞍山市人民医院 | L963: 李美英 | M963: 脑血管 | N963: 神经内科 | O963: B
H964: 卜先峰 | I964: 洪剑 | J964: =_xlfn.XLOOKUP(K964,U:U,T:T) -> HO00000005 | K964: 安徽省立医院 | L964: 程昭昭 | M964: 脑血管 | N964: 神经内科 | O964: B
H965: 孟鈃 | I965: 徐自豪 | J965: =_xlfn.XLOOKUP(K965,U:U,T:T) -> HO00000939 | K965: 徐州市中心医院 | L965: 陈国芳 | M965: 脑血管 | N965: 神经内科 | O965: B
H966: 张鑫 | I966: 陈彩虹 | J966: =_xlfn.XLOOKUP(K966,U:U,T:T) -> HO00001478 | K966: 康复大学青岛中心医院 | L966: 刘述磊 | M966: 脑血管 | N966: 神经内科 | O966: B
H967: 何方禹 | I967: 卢星翰 | J967: =_xlfn.XLOOKUP(K967,U:U,T:T) -> HO00001048 | K967: 苏州大学附属第二医院 | L967: 章春园 | M967: 脑血管 | N967: 神经内科 | O967: B
H968: 郑家成 | I968: 王玉婷 | J968: =_xlfn.XLOOKUP(K968,U:U,T:T) -> HO00000966 | K968: 南京医科大学第二附属医院 | L968: 吴晋 | M968: 脑血管 | N968: 神经内科 | O968: B
H969: 卜先峰 | I969: 洪剑 | J969: =_xlfn.XLOOKUP(K969,U:U,T:T) -> HO00000005 | K969: 安徽省立医院 | L969: 潘春晨 | M969: 眩晕 | N969: 耳鼻喉科 | O969: C
H970: 张鑫 | I970: 鲁景霄 | J970: =_xlfn.XLOOKUP(K970,U:U,T:T) -> HO00001440 | K970: 山东北大医疗鲁中医院有限公司 | L970: 孟春晓 | M970: 头痛 | N970: 神经内科 | O970: A
H971: 张鑫 | I971: 邹誉颍 | J971: =_xlfn.XLOOKUP(K971,U:U,T:T) -> HO00001518 | K971: 烟台市烟台山医院 | L971: 于天霞 | M971: 脑血管 | N971: 神经内科 | O971: B
H972: 郑家成 | I972: 徐燕 | J972: =_xlfn.XLOOKUP(K972,U:U,T:T) -> HO00000975 | K972: 南京脑科医院 | L972: 顾昊 | M972: 帕金森 | N972: 神经内科 | O972: B
H973: 何方禹 | I973: 杜研 | J973: =_xlfn.XLOOKUP(K973,U:U,T:T) -> HO00001050 | K973: 苏州市立医院(北区) | L973: 冯倩 | M973: 头痛 | N973: 神经内科 | O973: A
... H1056: 李路 | I1056: 公茂伟 | J1056: =_xlfn.XLOOKUP(K1056,U:U,T:T) -> HO00001409 | K1056: 山东大学第二医院 | L1056: 李娇 | M1056: 脑血管 | N1056: 神经内科 | O1056: B
H1057: 卜先锋 | I1057: 杨胜运 | J1057: HO00000001 | K1057: 安徽医科大学第一附属医院 | L1057: 吴兴启 | M1057: 眩晕 | N1057: 神经内科 | O1057: C
H1058: 郑家成 | I1058: 缪苏琴 | J1058: HO00000941 | K1058: 常州市第二人民医院 | L1058: 郭义坤 | M1058: 脑血管 | N1058: 神经内科 | O1058: B
H1059: 何方禹 | I1059: 周丽丽 | J1059: HO00001021 | K1059: 南通市第一人民医院 | L1059: 秦阳 | M1059: 眩晕 | N1059: 神经内科 | O1059: C
H1060: 张鑫 | I1060: 邹誉颍 | J1060: HO00001522 | K1060: 青岛大学附属烟台毓璜顶医院 | L1060: 仇静静 | M1060: 眩晕 | N1060: 耳鼻喉科 | O1060: C
H1061: 郑家成 | I1061: 缪苏琴 | J1061: HO00052204 | K1061: 常州市第七人民医院 | L1061: 袁祖琴 | M1061: 脑血管 | N1061: 神经内科 | O1061: B
H1062: 孟鈃 | I1062: 黄燕儿 | J1062: HO00002337 | K1062: 盐城市第三人民医院 | L1062: 吴莉娟 | M1062: 头痛 | N1062: 神经内科 | O1062: A
H1063: 郑家成 | I1063: 徐燕 | J1063: HO00000975 | K1063: 南京脑科医院 | L1063: 陈瑜 | M1063: 焦虑抑郁 | N1063: 心身精神 | O1063: B
H1064: 孟鈃 | I1064: 章智程 | J1064: HO00000989 | K1064: 徐州医科大学附属医院 | L1064: 耿德勤 | M1064: 脑血管 | N1064: 神经内科 | O1064: B
H1065: 卜先峰 | I1065: 洪剑 | J1065: HO00000005 | K1065: 安徽省立医院 | L1065: 吴燕 | M1065: 眩晕 | N1065: 神经内科 | O1065: B
H1066: 孟鈃 | I1066: 章智程 | J1066: HO00000989 | K1066: 徐州医科大学附属医院 | L1066: 王诚 | M1066: PFO | N1066: 心内科 | O1066: D
H1067: 郑家成 | I1067: 徐燕 | J1067: HO00000975 | K1067: 南京脑科医院 | L1067: 过燕萍 | M1067: 帕金森 | N1067: 神经内科 | O1067: B
H1068: 郑家成 | I1068: 缪苏琴 | J1068: HO00000941 | K1068: 常州市第二人民医院 | L1068: 徐莹 | M1068: 眩晕 | N1068: 耳鼻喉科 | O1068: C
... H1086: 何方禹 | I1086: 黄义杰 | J1086: HO00000948 | K1086: 江阴市中医院 | L1086: 史一丰 | M1086: 脑血管 | N1086: 神经内科 | O1086: B
...

Sheet 3M+作战地图排名
A1: 计算规则：60%客户破冰数+40%3M提及数 | M1: 作战地图排名 | U1: 纬度1：计算规则：破冰客户数月≥10个的员工数40%，3m客户数月≥6个的员工数40%，C类破冰客户数月≥4个员工数20% | Z1: 6月 | AB1: 3M排名 | AJ1: 纬度1：计算规则：50%考核3M的员工数占比+50%每周都有三天及以上产3M的员工数占比 | AP1: 6月 | AT1: 作战地图排名 | BB1: 纬度1：计算规则：破冰客户数周≥10个的员工数40%，3m客户数周≥6个的员工数40%，C类破冰客户数周≥4个员工数20% | BG1: 7月第1周 | BI1: 3M排名 | BQ1: 纬度1：计算规则：50%考核3M的员工数占比+50%三天以上产3M员工数占比 | BW1: 7月第1周 | CA1: 作战地图排名 | CI1: 纬度1：计算规则：破冰客户数周≥10个的员工数40%，3m客户数周≥6个的员工数40%，C类破冰客户数周≥4个员工数20% | CN1: 7月第2周 | CP1: 3M排名 | CX1: 纬度1：计算规则：50%考核3M的员工数占比+50%三天以上产3M员工数占比 | DD1: 7月第2周 | DH1: 作战地图排名 | DP1: 纬度1：计算规则：破冰客户数周≥10个的员工数40%，3m客户数周≥6个的员工数40%，C类破冰客户数周≥4个员工数20% | DU1: 7月第3周 | DW1: 3M排名 | EE1: 纬度1：计算规则：50%考核3M的员工数占比+50%三天以上产3M员工数占比 | EK1: 7月第3周 | EO1: 作战地图排名 | EW1: 纬度1：计算规则：破冰客户数周≥10个的员工数40%，3m客户数周≥6个的员工数40%，C类破冰客户数周≥4个员工数20% | FB1: 7月第4周 | FD1: 3M排名 | FL1: 纬度1：计算规则：50%考核3M的员工数占比+50%三天以上产3M员工数占比 | FR1: 7月第4周 | FV1: 作战地图排名 | GD1: 纬度1：计算规则：破冰客户数周≥10个的员工数40%，3m客户数周≥6个的员工数40%，C类破冰客户数周≥4个员工数20% | GI1: 7月 | GK1: 3M排名 | GS1: 纬度1：计算规则：50%考核3M的员工数占比+50%三天以上产3M员工数占比 | GY1: 7月 | HC1: 作战地图排名 | HK1: 纬度1：计算规则：破冰客户数周≥10个的员工数40%，3m客户数周≥6个的员工数40%，C类破冰客户数周≥4个员工数20% | HP1: 8月第1周 | HR1: 3M排名 | HZ1: 纬度1：计算规则：50%考核3M的员工数占比+50%三天以上产3M员工数占比 | IF1: 8月第1周 | IJ1: 作战地图排名 | IT1: 3M排名 | JB1: 作战地图排名 | JL1: 纬度1：计算规则：破冰客户数周≥10个的员工数40%，3m客户数周≥6个的员工数40%，C类破冰客户数周≥4个员工数20% | JQ1: 8月第2周 | JS1: 3M排名 | KA1: 纬度1：计算规则：50%考核3M的员工数占比+50%三天以上产3M员工数占比 | KG1: 8月第2周 | KL1: 作战地图排名 | KV1: 3M排名 | LD1: 作战地图排名 | LN1: 3M排名 | LV1: 作战地图排名 | MF1: 3M排名 | MN1: 作战地图排名 | MX1: 3M排名 | NF1: 作战地图排名 | NP1: 纬度1：计算规则：破冰客户数周≥10个的员工数40%，3m客户数周≥6个的员工数40%，C类破冰客户数周≥4个员工数20% | NU1: 8月第3周 | NW1: 3M排名 | OE1: 纬度1：计算规则：50%考核3M的员工数占比+50%三天以上产3M员工数占比 | OK1: 8月第3周 | OO1: 作战地图排名 | OY1: 3M排名 | PG1: 作战地图排名 | PQ1: 3M排名 | PY1: 作战地图排名 | QI1: 3M排名 | QQ1: 作战地图排名 | RA1: 3M排名 | RJ1: 作战地图排名 | RT1: 纬度1：计算规则：破冰客户数周≥10个的员工数40%，3m客户数周≥6个的员工数40%，C类破冰客户数周≥4个员工数20% | RY1: 8月第4周 | SA1: 3M排名 | SI1: 纬度1：计算规则：50%考核3M的员工数占比+50%三天以上产3M员工数占比 | SO1: 8月第4周
A2: Q1 | D2: 7.2 | E2: 100 | F2: 464 | G2: 100 | M2: 计算规则：50%处方客户数+50%3M客户数 | R2: 6月 | U2: DM | V2: 破冰客户数≥10的员工数 | W2: 3M客户数≥6的员工数 | X2: C类破冰客户数≥4的员工数 | Y2: 计算 | Z2: 排名 | AB2: 计算规则：40%3M客户数+60%3M提及数 | AG2: 6月 | AJ2: DM | AK2: HC数 | AL2: 在岗人数 | AM2: 产生3M员工数 | AN2: 占比 | AO2: 每周3天及以上产3M员工 | AP2: 占比 | AQ2: 计算 | AR2: 排名 | AT2: 计算规则：50%处方客户数+50%3M客户数 | AY2: 7月第1周 | BB2: DM | BC2: 客户数≥10的员工数 | BD2: 3M客户数≥6的员工数 | BE2: C类客户数≥4的员工数 | BF2: 计算 | BG2: 排名 | BI2: 计算规则：40%3M客户数+60%3M提及数 | BN2: 7月第1周 | BQ2: DM | BR2: HC数 | BS2: 在岗人数 | BT2: 产生3M员工数 | BU2: 占比 | BV2: 三天及以上产3M员工 | BW2: 占比 | BX2: 计算 | BY2: 排名 | CA2: 计算规则：50%处方客户数+50%3M客户数 | CF2: 7月第2周 | CI2: DM | CJ2: 客户数≥10的员工数 | CK2: 3M客户数≥6的员工数 | CL2: C类客户数≥4的员工数 | CM2: 计算 | CN2: 排名 | CP2: 计算规则：40%3M客户数+60%3M提及数 | CU2: 7月第2周 | CX2: DM | CY2: HC数 | CZ2: 在岗人数 | DA2: 产生3M员工数 | DB2: 占比 | DC2: 三天及以上产3M员工 | DD2: 占比 | DE2: 计算 | DF2: 排名 | DH2: 计算规则：50%处方客户数+50%3M客户数 | DM2: 7月第3周 | DP2: DM | DQ2: 客户数≥10的员工数 | DR2: 3M客户数≥6的员工数 | DS2: C类客户数≥4的员工数 | DT2: 计算 | DU2: 排名 | DW2: 计算规则：40%3M客户数+60%3M提及数 | EB2: 7月第3周 | EE2: DM | EF2: HC数 | EG2: 在岗人数 | EH2: 产生3M员工数 | EI2: 占比 | EJ2: 三天及以上产3M员工 | EK2: 占比 | EL2: 计算 | EM2: 排名 | EO2: 计算规则：50%处方客户数+50%3M客户数 | ET2: 7月第4周 | EW2: DM | EX2: 客户数≥10的员工数 | EY2: 3M客户数≥6的员工数 | EZ2: C类客户数≥4的员工数 | FA2: 计算 | FB2: 排名 | FD2: 计算规则：40%3M客户数+60%3M提及数 | FI2: 7月第4周 | FL2: DM | FM2: HC数 | FN2: 在岗人数 | FO2: 产生3M员工数 | FP2: 占比 | FQ2: 三天及以上产3M员工 | FR2: 占比 | FS2: 计算 | FT2: 排名 | FV2: 计算规则：50%处方客户数+50%3M客户数 | GA2: 7月 | GD2: DM | GE2: 客户数≥10的员工数 | GF2: 3M客户数≥6的员工数 | GG2: C类客户数≥4的员工数 | GH2: 计算 | GI2: 排名 | GK2: 计算规则：40%3M客户数+60%3M提及数 | GP2: 7月 | GS2: DM | GT2: HC数 | GU2: 在岗人数 | GV2: 产生3M员工数 | GW2: 占比 | GX2: 三天及以上产3M员工 | GY2: 占比 | GZ2: 计算 | HA2: 排名 | HC2: 计算规则：50%处方客户数+50%3M客户数 | HH2: 8月第1周 | HK2: DM | HL2: 客户数≥10的员工数 | HM2: 3M客户数≥6的员工数 | HN2: C类客户数≥4的员工数 | HO2: 计算 | HP2: 排名 | HR2: 计算规则：40%3M客户数+60%3M提及数 | HW2: 8月第1周 | HZ2: DM | IA2: HC数 | IB2: 在岗人数 | IC2: 产生3M员工数 | ID2: 占比 | IE2: 三天及以上产3M员工 | IF2: 占比 | IG2: 计算 | IH2: 排名 | IJ2: 计算规则：40%处方客户数+30%C类客户数+30%3M客户数 | IQ2: 46247 | IT2: 计算规则：50%3M客户数+50%3M提及数 | IY2: 46247 | JB2: 计算规则：40%处方客户数+30%C类客户数+30%3M客户数 | JI2: 8月第2周 | JL2: DM | JM2: 客户数≥10的员工数 | JN2: 3M客户数≥6的员工数 | JO2: C类客户数≥4的员工数 | JP2: 计算 | JQ2: 排名 | JS2: 计算规则：50%3M客户数+50%3M提及数 | JX2: 8月第2周 | KA2: DM | KB2: HC数 | KC2: 在岗人数 | KD2: 产生3M员工数 | KE2: 占比 | KF2: 三天及以上产3M员工 | KG2: 占比 | KH2: 计算 | KI2: 排名 | KL2: 计算规则：40%处方客户数+30%C类客户数+30%3M客户数 | KS2: 46251 | KV2: 计算规则：50%3M客户数+50%3M提及数 | LA2: 46251 | LD2: 计算规则：40%处方客户数+30%C类客户数+30%3M客户数 | LK2: 46252 | LN2: 计算规则：50%3M客户数+50%3M提及数 | LS2: 46252 | LV2: 计算规则：40%处方客户数+30%C类客户数+30%3M客户数 | MC2: 46253 | MF2: 计算规则：50%3M客户数+50%3M提及数 | MK2: 46253 | MN2: 计算规则：40%处方客户数+30%C类客户数+30%3M客户数 | MU2: 46254 | MX2: 计算规则：50%3M客户数+50%3M提及数 | NC2: 46254 | NF2: 计算规则：40%处方客户数+30%C类客户数+30%3M客户数 | NM2: 8月第3周 | NP2: DM | NQ2: 客户数≥10的员工数 | NR2: 3M客户数≥6的员工数 | NS2: C类客户数≥4的员工数 | NT2: 计算 | NU2: 排名 | NW2: 计算规则：50%3M客户数+50%3M提及数 | OB2: 8月第3周 | OE2: DM | OF2: HC数 | OG2: 在岗人数 | OH2: 产生3M员工数 | OI2: 占比 | OJ2: 三天及以上产3M员工 | OK2: 占比 | OL2: 计算 | OM2: 排名 | OO2: 计算规则：40%处方客户数+30%C类客户数+30%3M客户数 | OV2: 46258 | OY2: 计算规则：50%3M客户数+50%3M提及数 | PD2: 46258 | PG2: 计算规则：40%处方客户数+30%C类客户数+30%3M客户数 | PN2: 46259 | PQ2: 计算规则：50%3M客户数+50%3M提及数 | PV2: 46259 | PY2: 计算规则：40%处方客户数+30%C类客户数+30%3M客户数 | QF2: 46260 | QI2: 计算规则：50%3M客户数+50%3M提及数 | QN2: 46260 | QQ2: 计算规则：40%处方客户数+30%C类客户数+30%3M客户数 | QX2: 46261 | RA2: 计算规则：50%3M客户数+50%3M提及数 | RF2: 46261 | RJ2: 计算规则：40%处方客户数+30%C类客户数+30%3M客户数 | RQ2: 8月第4周 | RT2: DM | RU2: 客户数≥10的员工数 | RV2: 3M客户数≥6的员工数 | RW2: C类客户数≥4的员工数 | RX2: 计算 | RY2: 排名 | SA2: 计算规则：50%3M客户数+50%3M提及数 | SF2: 8月第4周 | SI2: DM | SJ2: HC数 | SK2: 在岗人数 | SL2: 产生3M员工数 | SM2: 占比 | SN2: 三天及以上产3M员工 | SO2: 占比 | SP2: 计算 | SQ2: 排名
A3: DM | B3: 入职划分 | C3: 破冰客户数 | D3: 破冰率 | E3: 辅助列 | F3: 3M提及数 | G3: 辅助列 | H3: 计算 | M3: DM | N3: MICS | O3: 入职划分 | P3: 处方客户数 | Q3: 3M客户数 | R3: 计算 | S3: 排名 | U3: 张鑫 | V3: 6 | W3: 5 | X3: 3 | Y3: =V3*40%+W3*40%+X3*20% -> 5 | Z3: =RANK(Y3,$Y$3:$Y$8) -> 1 | AB3: DM | AC3: MICS | AD3: 入职划分 | AE3: 3M客户数 | AF3: 3M提及数 | AG3: 计算 | AH3: 排名 | AJ3: 李路 | AK3: 9 | AL3: 6 | AM3: 6 | AN3: =AM3/AL3 -> 1 | AO3: 6 | AP3: =AO3/AL3 -> 1 | AQ3: =50%*AN3+50%*AP3 -> 1 | AR3: =RANK(AQ3,$AQ$3:$AQ$8) -> 1 | AT3: DM | AU3: MICS | AV3: 入职划分 | AW3: 处方客户数 | AX3: 3M客户数 | AY3: 计算 | AZ3: 排名 | BB3: 张鑫 | BC3: 0 | BD3: 0 | BE3: 2 | BF3: =BC3*40%+BD3*40%+BE3*20% -> 0.4 | BG3: =RANK(BF3,$BF$3:$BF$8) -> 1 | BI3: DM | BJ3: MICS | BK3: 入职划分 | BL3: 3M客户数 | BM3: 3M提及数 | BN3: 计算 | BO3: 排名 | BQ3: 何方禹 | BR3: 8 | BS3: 8 | BT3: 7 | BU3: =BT3/BS3 -> 0.875 | BV3: 6 | BW3: =BV3/BS3 -> 0.75 | BX3: =50%*BU3+50%*BW3 -> 0.8125 | BY3: =RANK(BX3,$BX$3:$BX$8) -> 1 | CA3: DM | CB3: MICS | CC3: 入职划分 | CD3: 处方客户数 | CE3: 3M客户数 | CF3: 计算 | CG3: 排名 | CI3: 张鑫 | CJ3: 1 | CK3: 0 | CL3: 3 | CM3: =CJ3*40%+CK3*40%+CL3*20% -> 1 | CN3: =RANK(CM3,$CM$3:$CM$8) -> 1 | CP3: DM | CQ3: MICS | CR3: 入职划分 | CS3: 3M客户数 | CT3: 3M提及数 | CU3: 计算 | CV3: 排名 | CX3: 张鑫 | CY3: 7 | CZ3: 6 | DA3: 7 | DB3: =DA3/CZ3 -> 1.1666667 | DC3: 6 | DD3: =DC3/CZ3 -> 1 | DE3: =50%*DB3+50%*DD3 -> 1.0833333 | DF3: =RANK(DE3,$DE$3:$DE$8) -> 1 | DH3: DM | DI3: MICS | DJ3: 入职划分 | DK3: 处方客户数 | DL3: 3M客户数 | DM3: 计算 | DN3: 排名 | DP3: 张鑫 | DQ3: 1 | DR3: 2 | DS3: 2 | DT3: =DQ3*40%+DR3*40%+DS3*20% -> 1.6 | DU3: =RANK(DT3,$DT$3:$DT$8) -> 1 | DW3: DM | DX3: MICS | DY3: 入职划分 | DZ3: 3M客户数 | EA3: 3M提及数 | EB3: 计算 | EC3: 排名 | EE3: 张鑫 | EF3: 7 | EG3: 6 | EH3: 6 | EI3: =EH3/EG3 -> 1 | EJ3: 5 | EK3: =EJ3/EG3 -> 0.83333333 | EL3: =50%*EI3+50%*EK3 -> 0.91666667 | EM3: =RANK(EL3,$EL$3:$EL$8) -> 1 | EO3: DM | EP3: MICS | EQ3: 入职划分 | ER3: 处方客户数 | ES3: 3M客户数 | ET3: 计算 | EU3: 排名 | EW3: 张鑫 | EX3: 1 | EY3: 1 | EZ3: 3 | FA3: =EX3*40%+EY3*40%+EZ3*20% -> 1.4 | FB3: =RANK(FA3,$FA$3:$FA$8) -> 1 | FD3: DM | FE3: MICS | FF3: 入职划分 | FG3: 3M客户数 | FH3: 3M提及数 | FI3: 计算 | FJ3: 排名 | FL3: 李路 | FM3: 9 | FN3: 6 | FO3: 5 | FP3: =FO3/FN3 -> 0.83333333 | FQ3: 5 | FR3: =FQ3/FN3 -> 0.83333333 | FS3: =50%*FP3+50%*FR3 -> 0.83333333 | FT3: =RANK(FS3,$FS$3:$FS$8) -> 1 | FV3: DM | FW3: MICS | FX3: 入职划分 | FY3: 处方客户数 | FZ3: 3M客户数 | GA3: 计算 | GB3: 排名 | GD3: 张鑫 | GE3: 6 | GF3: 5 | GG3: 4 | GH3: =GE3*40%+GF3*40%+GG3*20% -> 5.2 | GI3: =RANK(GH3,$GH$3:$GH$8) -> 1 | GK3: DM | GL3: MICS | GM3: 入职划分 | GN3: 3M客户数 | GO3: 3M提及数 | GP3: 计算 | GQ3: 排名 | GS3: 李路 | GT3: 9 | GU3: 6 | GV3: 6 | GW3: =GV3/GU3 -> 1 | GX3: 4 | GY3: =GX3/GU3 -> 0.66666667 | GZ3: =50%*GW3+50%*GY3 -> 0.83333333 | HA3: =RANK(GZ3,$GZ$3:$GZ$8) -> 1 | HC3: DM | HD3: MICS | HE3: 入职划分 | HF3: 处方客户数 | HG3: 3M客户数 | HH3: 计算 | HI3: 排名 | HK3: 张鑫 | HL3: 2 | HM3: 3 | HN3: 3 | HO3: =HL3*40%+HM3*40%+HN3*20% -> 2.6 | HP3: =RANK(HO3,$HO$3:$HO$8) -> 1 | HR3: DM | HS3: MICS | HT3: 入职划分 | HU3: 3M客户数 | HV3: 3M提及数 | HW3: 计算 | HX3: 排名 | HZ3: 张鑫 | IA3: 7 | IB3: 5 | IC3: 5 | ID3: =IC3/IB3 -> 1 | IE3: 4 | IF3: =IE3/IB3 -> 0.8 | IG3: =50%*ID3+50%*IF3 -> 0.9 | IH3: =RANK(IG3,$IG$3:$IG$8) -> 1 | IJ3: DM | IK3: MICS | IL3: 入职划分 | IM3: 处方客户数 | IN3: C类客户数 | IO3: 3M客户数 | IP3: C类客户占比 | IQ3: 计算 | IR3: 排名 | IT3: DM | IU3: MICS | IV3: 入职划分 | IW3: 3M客户数 | IX3: 3M提及数 | IY3: 计算 | IZ3: 排名 | JB3: DM | JC3: MICS | JD3: 入职划分 | JE3: 处方客户数 | JF3: 3M客户数 | JG3: C类客户数 | JH3: C类客户占比 | JI3: 计算 | JJ3: 排名 | JL3: 张鑫 | JM3: 2 | JN3: 2 | JO3: 2 | JP3: =JM3*40%+JN3*40%+JO3*20% -> 2 | JQ3: =RANK(JP3,$JP$3:$JP$8) -> 1 | JS3: DM | JT3: MICS | JU3: 入职划分 | JV3: 3M客户数 | JW3: 3M提及数 | JX3: 计算 | JY3: 排名 | KA3: 李路 | KB3: 9 | KC3: 5 | KD3: 5 | KE3: =KD3/KC3 -> 1 | KF3: 5 | KG3: =KF3/KC3 -> 1 | KH3: =50%*KE3+50%*KG3 -> 1 | KI3: =RANK(KH3,$KH$3:$KH$8) -> 1 | KL3: DM | KM3: MICS | KN3: 入职划分 | KO3: 处方客户数 | KP3: 3M客户数 | KQ3: C类客户数 | KR3: C类客户占比 | KS3: 计算 | KT3: 排名 | KV3: DM | KW3: MICS | KX3: 入职划分 | KY3: 3M客户数 | KZ3: 3M提及数 | LA3: 计算 | LB3: 排名 | LD3: DM | LE3: MICS | LF3: 入职划分 | LG3: 处方客户数 | LH3: 3M客户数 | LI3: C类客户数 | LJ3: C类客户占比 | LK3: 计算 | LL3: 排名 | LN3: DM | LO3: MICS | LP3: 入职划分 | LQ3: 3M客户数 | LR3: 3M提及数 | LS3: 计算 | LT3: 排名 | LV3: DM | LW3: MICS | LX3: 入职划分 | LY3: 处方客户数 | LZ3: 3M客户数 | MA3: C类客户数 | MB3: C类客户占比 | MC3: 计算 | MD3: 排名 | MF3: DM | MG3: MICS | MH3: 入职划分 | MI3: 3M客户数 | MJ3: 3M提及数 | MK3: 计算 | ML3: 排名 | MN3: DM | MO3: MICS | MP3: 入职划分 | MQ3: 处方客户数 | MR3: 3M客户数 | MS3: C类客户数 | MT3: C类客户占比 | MU3: 计算 | MV3: 排名 | MX3: DM | MY3: MICS | MZ3: 入职划分 | NA3: 3M客户数 | NB3: 3M提及数 | NC3: 计算 | ND3: 排名 | NF3: DM | NG3: MICS | NH3: 入职划分 | NI3: 处方客户数 | NJ3: 3M客户数 | NK3: C类客户数 | NL3: C类客户占比 | NM3: 计算 | NN3: 排名 | NP3: 张鑫 | NQ3: 0 | NR3: 2 | NS3: 1 | NT3: =NQ3*40%+NR3*40%+NS3*20% -> 1 | NU3: =RANK(NT3,$NT$3:$NT$8) -> 1 | NW3: DM | NX3: MICS | NY3: 入职划分 | NZ3: 3M客户数 | OA3: 3M提及数 | OB3: 计算 | OC3: 排名 | OE3: 李路 | OF3: 9 | OG3: 5 | OH3: 5 | OI3: =OH3/OG3 -> 1 | OJ3: 5 | OK3: =OJ3/OG3 -> 1 | OL3: =50%*OI3+50%*OK3 -> 1 | OM3: =RANK(OL3,$OL$3:$OL$8) -> 1 | OO3: DM | OP3: MICS | OQ3: 入职划分 | OR3: 处方客户数 | OS3: 3M客户数 | OT3: C类客户数 | OU3: C类客户占比 | OV3: 计算 | OW3: 排名 | OY3: DM | OZ3: MICS | PA3: 入职划分 | PB3: 3M客户数 | PC3: 3M提及数 | PD3: 计算 | PE3: 排名 | PG3: DM | PH3: MICS | PI3: 入职划分 | PJ3: 处方客户数 | PK3: 3M客户数 | PL3: C类客户数 | PM3: C类客户占比 | PN3: 计算 | PO3: 排名 | PQ3: DM | PR3: MICS | PS3: 入职划分 | PT3: 3M客户数 | PU3: 3M提及数 | PV3: 计算 | PW3: 排名 | PY3: DM | PZ3: MICS | QA3: 入职划分 | QB3: 处方客户数 | QC3: 3M客户数 | QD3: C类客户数 | QE3: C类客户占比 | QF3: 计算 | QG3: 排名 | QI3: DM | QJ3: MICS | QK3: 入职划分 | QL3: 3M客户数 | QM3: 3M提及数 | QN3: 计算 | QO3: 排名 | QQ3: DM | QR3: MICS | QS3: 入职划分 | QT3: 处方客户数 | QU3: 3M客户数 | QV3: C类客户数 | QW3: C类客户占比 | QX3: 计算 | QY3: 排名 | RA3: DM | RB3: MICS | RC3: 入职划分 | RD3: 3M客户数 | RE3: 3M提及数 | RF3: 计算 | RG3: 排名 | RJ3: DM | RK3: MICS | RL3: 入职划分 | RM3: 处方客户数 | RN3: 3M客户数 | RO3: C类客户数 | RP3: C类客户占比 | RQ3: 计算 | RR3: 排名 | RT3: 李路 | RU3: 2 | RV3: 0 | RW3: 1 | RX3: 1 | RY3: 1 | SA3: DM | SB3: MICS | SC3: 入职划分 | SD3: 3M客户数 | SE3: 3M提及数 | SF3: 计算 | SG3: 排名 | SI3: 张鑫 | SJ3: 7 | SK3: 5 | SL3: 5 | SM3: 1 | SN3: 5 | SO3: 1 | SP3: 1 | SQ3: 1
A4: 何方禹 | C4: 144 | D4: =C4/20 -> 7.2 | E4: =D4/$D$2*100 -> 100 | F4: 464 | G4: =F4/$F$2*100 -> 100 | H4: =60%*E4+40%*G4 -> 100 | M4: 孟鈃 | N4: 罗世懿 | O4: 3个月以上 | P4: 16 | Q4: 11 | R4: =50%*P4+50%*Q4 -> 13.5 | S4: =RANK(R4,$R$4:$R$39) -> 1 | U4: 何方禹 | V4: 6 | W4: 3 | X4: 3 | Y4: =V4*40%+W4*40%+X4*20% -> 4.2 | Z4: =RANK(Y4,$Y$3:$Y$8) -> 2 | AB4: 孟鈃 | AC4: 罗世懿 | AD4: 3个月以上 | AE4: 11 | AF4: 90 | AG4: =50%*AE4+50%*AF4 -> 50.5 | AH4: =RANK(AG4,$AG$4:$AG$39) -> 1 | AJ4: 张鑫 | AK4: 7 | AL4: 7 | AM4: 7 | AN4: =AM4/AL4 -> 1 | AO4: 5 | AP4: =AO4/AL4 -> 0.71428571 | AQ4: =50%*AN4+50%*AP4 -> 0.85714286 | AR4: =RANK(AQ4,$AQ$3:$AQ$8) -> 2 | AT4: 孟鈃 | AU4: 罗世懿 | AV4: 3个月以上 | AW4: 9 | AX4: 7 | AY4: =50%*AW4+50%*AX4 -> 8 | AZ4: =RANK(AY4,$AY$4:$AY$40) -> 1 | BB4: 孟鈃 | BC4: 0 | BD4: 1 | BE4: 0 | BF4: =BC4*40%+BD4*40%+BE4*20% -> 0.4 | BG4: =RANK(BF4,$BF$3:$BF$8) -> 1 | BI4: 何方禹 | BJ4: 卢星翰 | BL4: 8 | BM4: 9 | BN4: =40%*BL4+60%*BM4 -> 8.6 | BO4: =RANK(BN4,$BN$4:$BN$40) -> 1 | BQ4: 张鑫 | BR4: 7 | BS4: 7 | BT4: 6 | BU4: =BT4/BS4 -> 0.85714286 | BV4: 5 | BW4: =BV4/BS4 -> 0.71428571 | BX4: =50%*BU4+50%*BW4 -> 0.78571429 | BY4: =RANK(BX4,$BX$3:$BX$8) -> 2 | CA4: 李路 | CB4: 王明月 | CC4: 3个月以上 | CD4: 11 | CE4: 5 | CF4: =50%*CD4+50%*CE4 -> 8 | CG4: =RANK(CF4,$CF$4:$CF$40) -> 1 | CI4: 孟鈃 | CJ4: 0 | CK4: 1 | CL4: 1 | CM4: =CJ4*40%+CK4*40%+CL4*20% -> 0.6 | CN4: =RANK(CM4,$CM$3:$CM$8) -> 2 | CP4: 孟鈃 | CQ4: 罗世懿 | CR4: 3个月以上 | CS4: 7 | CT4: 25 | CU4: =40%*CS4+60%*CT4 -> 17.8 | CV4: =RANK(CU4,$CU$4:$CU$40) -> 1 | CX4: 李路 | CY4: 9 | CZ4: 6 | DA4: 6 | DB4: =DA4/CZ4 -> 1 | DC4: 6 | DD4: =DC4/CZ4 -> 1 | DE4: =50%*DB4+50%*DD4 -> 1 | DF4: =RANK(DE4,$DE$3:$DE$8) -> 2 | DH4: 孟鈃 | DI4: 罗世懿 | DJ4: 3个月以上 | DK4: 10 | DL4: 10 | DM4: =50%*DK4+50%*DL4 -> 10 | DN4: =RANK(DM4,$DM$4:$DM$39) -> 1 | DP4: 孟鈃 | DQ4: 1 | DR4: 1 | DS4: 0 | DT4: =DQ4*40%+DR4*40%+DS4*20% -> 0.8 | DU4: =RANK(DT4,$DT$3:$DT$8) -> 2 | DW4: 孟鈃 | DX4: 罗世懿 | DY4: 3个月以上 | DZ4: 10 | EA4: 20 | EB4: =40%*DZ4+60%*EA4 -> 16 | EC4: =RANK(EB4,$EB$4:$EB$39) -> 1 | EE4: 李路 | EF4: 9 | EG4: 6 | EH4: 6 | EI4: =EH4/EG4 -> 1 | EJ4: 5 | EK4: =EJ4/EG4 -> 0.83333333 | EL4: =50%*EI4+50%*EK4 -> 0.91666667 | EM4: =RANK(EL4,$EL$3:$EL$8) -> 1 | EO4: 李路 | EP4: 王明月 | EQ4: 3个月以上 | ER4: 11 | ES4: 4 | ET4: =50%*ER4+50%*ES4 -> 7.5 | EU4: =RANK(ET4,$ET$4:$ET$40) -> 1 | EW4: 李路 | EX4: 1 | EY4: 0 | EZ4: 1 | FA4: =EX4*40%+EY4*40%+EZ4*20% -> 0.6 | FB4: =RANK(FA4,$FA$3:$FA$8) -> 2 | FD4: 孟鈃 | FE4: 罗世懿 | FF4: 3个月以上 | FG4: 6 | FH4: 22 | FI4: =40%*FG4+60%*FH4 -> 15.6 | FJ4: =RANK(FI4,$FI$4:$FI$40) -> 1 | FL4: 张鑫 | FM4: 7 | FN4: 6 | FO4: 6 | FP4: =FO4/FN4 -> 1 | FQ4: 4 | FR4: =FQ4/FN4 -> 0.66666667 | FS4: =50%*FP4+50%*FR4 -> 0.83333333 | FT4: =RANK(FS4,$FS$3:$FS$8) -> 2 | FV4: 孟鈃 | FW4: 罗世懿 | FX4: 3个月以上 | FY4: 14 | FZ4: 13 | GA4: =50%*FY4+50%*FZ4 -> 13.5 | GB4: =RANK(GA4,$GA$4:$GA$40) -> 1 | GD4: 李路 | GE4: 3 | GF4: 5 | GG4: 1 | GH4: =GE4*40%+GF4*40%+GG4*20% -> 3.4 | GI4: =RANK(GH4,$GH$3:$GH$8) -> 2 | GK4: 孟鈃 | GL4: 罗世懿 | GM4: 3个月以上 | GN4: 13 | GO4: 97 | GP4: =40%*GN4+60%*GO4 -> 63.4 | GQ4: =RANK(GP4,$GP$4:$GP$40) -> 1 | GS4: 张鑫 | GT4: 7 | GU4: 6 | GV4: 6 | GW4: =GV4/GU4 -> 1 | GX4: 4 | GY4: =GX4/GU4 -> 0.66666667 | GZ4: =50%*GW4+50%*GY4 -> 0.83333333 | HA4: =RANK(GZ4,$GZ$3:$GZ$8) -> 1 | HC4: 李路 | HD4: 王明月 | HE4: 3个月以上 | HF4: 11 | HG4: 6 | HH4: =50%*HF4+50%*HG4 -> 8.5 | HI4: =RANK(HH4,$HH$4:$HH$40) -> 1 | HK4: 李路 | HL4: 2 | HM4: 1 | HN4: 0 | HO4: =HL4*40%+HM4*40%+HN4*20% -> 1.2 | HP4: =RANK(HO4,$HO$3:$HO$8) -> 2 | HR4: 孟鈃 | HS4: 罗世懿 | HT4: 3个月以上 | HU4: 7 | HV4: 24 | HW4: =40%*HU4+60%*HV4 -> 17.2 | HX4: =RANK(HW4,$HW$4:$HW$40) -> 1 | HZ4: 李路 | IA4: 9 | IB4: 6 | IC4: 5 | ID4: =IC4/IB4 -> 0.83333333 | IE4: 5 | IF4: =IE4/IB4 -> 0.83333333 | IG4: =50%*ID4+50%*IF4 -> 0.83333333 | IH4: =RANK(IG4,$IG$3:$IG$8) -> 2 | IJ4: 张鑫 | IK4: 冯雅琪 | IL4: 3个月以上 | IM4: 4 | IN4: 2 | IO4: 1 | IP4: =IN4/IM4 -> 0.5 | IQ4: =40%*IM4+30%*IN4+30%*IO4 -> 2.5 | IR4: =RANK(IQ4,$IQ$4:$IQ$40) -> 1 | IT4: 孟鈃 | IU4: 罗世懿 | IV4: 3个月以上 | IW4: 3 | IX4: 3 | IY4: =50%*IW4+50%*IX4 -> 3 | IZ4: =RANK(IY4,$IY$4:$IY$40) -> 1 | JB4: 李路 | JC4: 白云松 | JD4: 3个月以上 | JE4: 12 | JF4: 4 | JG4: 3 | JH4: =JG4/JE4 -> 0.25 | JI4: =40%*JE4+30%*JF4+30%*JG4 -> 6.9 | JJ4: =RANK(JI4,$JI$4:$JI$40) -> 1 | JL4: 李路 | JM4: 1 | JN4: 0 | JO4: 0 | JP4: =JM4*40%+JN4*40%+JO4*20% -> 0.4 | JQ4: =RANK(JP4,$JP$3:$JP$8) -> 2 | JS4: 孟鈃 | JT4: 罗世懿 | JU4: 3个月以上 | JV4: 7 | JW4: 21 | JX4: =50%*JV4+50%*JW4 -> 14 | JY4: =RANK(JX4,$JX$4:$JX$40) -> 1 | KA4: 张鑫 | KB4: 7 | KC4: 5 | KD4: 5 | KE4: =KD4/KC4 -> 1 | KF4: 4 | KG4: =KF4/KC4 -> 0.8 | KH4: =50%*KE4+50%*KG4 -> 0.9 | KI4: =RANK(KH4,$KH$3:$KH$8) -> 2 | KL4: 何方禹 | KM4: 周丽丽 | KN4: 3个月以上 | KO4: 3 | KP4: 3 | KQ4: 1 | KR4: =KQ4/KO4 -> 0.33333333 | KS4: =40%*KO4+30%*KP4+30%*KQ4 -> 2.4 | KT4: =RANK(KS4,$KS$4:$KS$39) -> 1 | KV4: 孟鈃 | KW4: 罗世懿 | KX4: 3个月以上 | KY4: 2 | KZ4: 6 | LA4: =50%*KY4+50%*KZ4 -> 4 | LB4: =RANK(LA4,$LA$4:$LA$39) -> 1 | LD4: 何方禹 | LE4: 周丽丽 | LF4: 3个月以上 | LG4: 4 | LH4: 1 | LI4: 2 | LJ4: =LI4/LG4 -> 0.5 | LK4: =40%*LG4+30%*LH4+30%*LI4 -> 2.5 | LL4: =RANK(LK4,$LK$4:$LK$39) -> 1 | LN4: 孟鈃 | LO4: 罗世懿 | LP4: 3个月以上 | LQ4: 2 | LR4: 6 | LS4: =50%*LQ4+50%*LR4 -> 4 | LT4: =RANK(LS4,$LS$4:$LS$39) -> 1 | LV4: 孟鈃 | LW4: 罗世懿 | LX4: 3个月以上 | LY4: 5 | LZ4: 5 | MA4: 3 | MB4: =MA4/LY4 -> 0.6 | MC4: =40%*LY4+30%*LZ4+30%*MA4 -> 4.4 | MD4: =RANK(MC4,$MC$4:$MC$39) -> 1 | MF4: 孟鈃 | MG4: 罗世懿 | MH4: 3个月以上 | MI4: 5 | MJ4: 5 | MK4: =50%*MI4+50%*MJ4 -> 5 | ML4: =RANK(MK4,$MK$4:$MK$39) -> 1 | MN4: 孟鈃 | MO4: 罗世懿 | MP4: 3个月以上 | MQ4: 4 | MR4: 4 | MS4: 1 | MT4: =MS4/MQ4 -> 0.25 | MU4: =40%*MQ4+30%*MR4+30%*MS4 -> 3.1 | MV4: =RANK(MU4,$MU$4:$MU$39) -> 1 | MX4: 孟鈃 | MY4: 罗世懿 | MZ4: 3个月以上 | NA4: 4 | NB4: 4 | NC4: =50%*NA4+50%*NB4 -> 4 | ND4: =RANK(NC4,$NC$4:$NC$39) -> 1 | NF4: 孟鈃 | NG4: 罗世懿 | NH4: 3个月以上 | NI4: 11 | NJ4: 10 | NK4: 3 | NL4: =NK4/NI4 -> 0.27272727 | NM4: =40%*NI4+30%*NJ4+30%*NK4 -> 8.3 | NN4: =RANK(NM4,$NM$4:$NM$39) -> 1 | NP4: 李路 | NQ4: 2 | NR4: 0 | NS4: 0 | NT4: =NQ4*40%+NR4*40%+NS4*20% -> 0.8 | NU4: =RANK(NT4,$NT$3:$NT$8) -> 2 | NW4: 孟鈃 | NX4: 罗世懿 | NY4: 3个月以上 | NZ4: 10 | OA4: 27 | OB4: =50%*NZ4+50%*OA4 -> 18.5 | OC4: =RANK(OB4,$OB$4:$OB$39) -> 1 | OE4: 张鑫 | OF4: 7 | OG4: 5 | OH4: 5 | OI4: =OH4/OG4 -> 1 | OJ4: 5 | OK4: =OJ4/OG4 -> 1 | OL4: =50%*OI4+50%*OK4 -> 1 | OM4: =RANK(OL4,$OL$3:$OL$8) -> 1 | OO4: 李路 | OP4: 王明月 | OQ4: 3个月以上 | OR4: 4 | OS4: 1 | OT4: 2 | OU4: =OT4/OR4 -> 0.5 | OV4: =40%*OR4+30%*OS4+30%*OT4 -> 2.5 | OW4: =RANK(OV4,$OV$4:$OV$39) -> 1 | OY4: 孟鈃 | OZ4: 罗世懿 | PA4: 3个月以上 | PB4: 2 | PC4: 6 | PD4: =50%*PB4+50%*PC4 -> 4 | PE4: =RANK(PD4,$PD$4:$PD$39) -> 1 | PG4: 何方禹 | PH4: 周丽丽 | PI4: 3个月以上 | PJ4: 4 | PK4: 2 | PL4: 1 | PM4: =PL4/PJ4 -> 0.25 | PN4: =40%*PJ4+30%*PK4+30%*PL4 -> 2.5 | PO4: =RANK(PN4,$PN$4:$PN$39) -> 1 | PQ4: 孟鈃 | PR4: 罗世懿 | PS4: 3个月以上 | PT4: 3 | PU4: 7 | PV4: =50%*PT4+50%*PU4 -> 5 | PW4: =RANK(PV4,$PV$4:$PV$39) -> 1 | PY4: 张鑫 | PZ4: 冯雅琪 | QA4: 3个月以上 | QB4: 4 | QC4: 1 | QD4: 3 | QE4: =QD4/QB4 -> 0.75 | QF4: =40%*QB4+30%*QC4+30%*QD4 -> 2.8 | QG4: =RANK(QF4,$QF$4:$QF$40) -> 1 | QI4: 孟鈃 | QJ4: 罗世懿 | QK4: 3个月以上 | QL4: 3 | QM4: 6 | QN4: =50%*QL4+50%*QM4 -> 4.5 | QO4: =RANK(QN4,$QN$4:$QN$40) -> 1 | QQ4: 孟鈃 | QR4: 罗世懿 | QS4: 3个月以上 | QT4: 4 | QU4: 4 | QV4: 2 | QW4: =QV4/QT4 -> 0.5 | QX4: =40%*QT4+30%*QU4+30%*QV4 -> 3.4 | QY4: =RANK(QX4,$QX$4:$QX$40) -> 1 | RA4: 孟鈃 | RB4: 罗世懿 | RC4: 3个月以上 | RD4: 4 | RE4: 6 | RF4: =50%*RD4+50%*RE4 -> 5 | RG4: =RANK(RF4,$RF$4:$RF$40) -> 1 | RJ4: 孟鈃 | RK4: 罗世懿 | RL4: 3个月以上 | RM4: 9 | RN4: 8 | RO4: 4 | RP4: 0.44444444 | RQ4: 7.2 | RR4: 1 | RT4: 孟鈃 | RU4: 0 | RV4: 1 | RW4: 1 | RX4: 0.6 | RY4: 2 | SA4: 孟鈃 | SB4: 罗世懿 | SC4: 3个月以上 | SD4: 8 | SE4: 32 | SF4: 20 | SG4: 1 | SI4: 李路 | SJ4: 9 | SK4: 6 | SL4: 5 | SM4: 0.83333333 | SN4: 5 | SO4: 0.83333333 | SP4: 0.83333333 | SQ4: 2
A5: 张鑫 | C5: 113 | D5: =C5/20 -> 5.65 | E5: =D5/$D$2*100 -> 78.472222 | F5: 289 | G5: =F5/$F$2*100 -> 62.284483 | H5: =60%*E5+40%*G5 -> 71.997126 | M5: 张鑫 | N5: 冯雅琪 | O5: 3个月以上 | P5: 20 | Q5: 7 | R5: =50%*P5+50%*Q5 -> 13.5 | S5: =RANK(R5,$R$4:$R$39) -> 1 | U5: 李路 | V5: 4 | W5: 5 | X5: 0 | Y5: =V5*40%+W5*40%+X5*20% -> 3.6 | Z5: =RANK(Y5,$Y$3:$Y$8) -> 3 | AB5: 何方禹 | AC5: 张桂香 | AD5: 3个月以上 | AE5: 3 | AF5: 87 | AG5: =50%*AE5+50%*AF5 -> 45 | AH5: =RANK(AG5,$AG$4:$AG$39) -> 2 | AJ5: 何方禹 | AK5: 7 | AL5: 8 | AM5: 8 | AN5: =AM5/AL5 -> 1 | AO5: 5 | AP5: =AO5/AL5 -> 0.625 | AQ5: =50%*AN5+50%*AP5 -> 0.8125 | AR5: =RANK(AQ5,$AQ$3:$AQ$8) -> 3 | AT5: 何方禹 | AU5: 卢星翰 | AW5: 8 | AX5: 8 | AY5: =50%*AW5+50%*AX5 -> 8 | AZ5: =RANK(AY5,$AY$4:$AY$40) -> 1 | BB5: 李路 | BC5: 0 | BD5: 0 | BE5: 0 | BF5: =BC5*40%+BD5*40%+BE5*20% -> 0 | BG5: =RANK(BF5,$BF$3:$BF$8) -> 3 | BI5: 何方禹 | BJ5: 张桂香 | BK5: 3个月以上 | BL5: 5 | BM5: 11 | BN5: =40%*BL5+60%*BM5 -> 8.6 | BO5: =RANK(BN5,$BN$4:$BN$40) -> 1 | BQ5: 李路 | BR5: 9 | BS5: 7 | BT5: 6 | BU5: =BT5/BS5 -> 0.85714286 | BV5: 4 | BW5: =BV5/BS5 -> 0.57142857 | BX5: =50%*BU5+50%*BW5 -> 0.71428571 | BY5: =RANK(BX5,$BX$3:$BX$8) -> 3 | CA5: 孟鈃 | CB5: 罗世懿 | CC5: 3个月以上 | CD5: 8 | CE5: 7 | CF5: =50%*CD5+50%*CE5 -> 7.5 | CG5: =RANK(CF5,$CF$4:$CF$40) -> 2 | CI5: 李路 | CJ5: 1 | CK5: 0 | CL5: 0 | CM5: =CJ5*40%+CK5*40%+CL5*20% -> 0.4 | CN5: =RANK(CM5,$CM$3:$CM$8) -> 3 | CP5: 何方禹 | CQ5: 张桂香 | CR5: 3个月以上 | CS5: 2 | CT5: 18 | CU5: =40%*CS5+60%*CT5 -> 11.6 | CV5: =RANK(CU5,$CU$4:$CU$40) -> 2 | CX5: 郑家成 | CY5: 7 | CZ5: 5 | DA5: 6 | DB5: =DA5/CZ5 -> 1.2 | DC5: 3 | DD5: =DC5/CZ5 -> 0.6 | DE5: =50%*DB5+50%*DD5 -> 0.9 | DF5: =RANK(DE5,$DE$3:$DE$8) -> 3 | DH5: 张鑫 | DI5: 陈彩虹 | DJ5: 3个月以上 | DK5: 9 | DL5: 8 | DM5: =50%*DK5+50%*DL5 -> 8.5 | DN5: =RANK(DM5,$DM$4:$DM$39) -> 2 | DP5: 李路 | DQ5: 1 | DR5: 0 | DS5: 0 | DT5: =DQ5*40%+DR5*40%+DS5*20% -> 0.4 | DU5: =RANK(DT5,$DT$3:$DT$8) -> 3 | DW5: 何方禹 | DX5: 张桂香 | DY5: 3个月以上 | DZ5: 2 | EA5: 22 | EB5: =40%*DZ5+60%*EA5 -> 14 | EC5: =RANK(EB5,$EB$4:$EB$39) -> 2 | EE5: 何方禹 | EF5: 8 | EG5: 8 | EH5: 7 | EI5: =EH5/EG5 -> 0.875 | EJ5: 6 | EK5: =EJ5/EG5 -> 0.75 | EL5: =50%*EI5+50%*EK5 -> 0.8125 | EM5: =RANK(EL5,$EL$3:$EL$8) -> 3 | EO5: 何方禹 | EP5: 卢星翰 | ER5: 8 | ES5: 7 | ET5: =50%*ER5+50%*ES5 -> 7.5 | EU5: =RANK(ET5,$ET$4:$ET$40) -> 1 | EW5: 何方禹 | EX5: 0 | EY5: 1 | EZ5: 1 | FA5: =EX5*40%+EY5*40%+EZ5*20% -> 0.6 | FB5: =RANK(FA5,$FA$3:$FA$8) -> 2 | FD5: 何方禹 | FE5: 张桂香 | FF5: 3个月以上 | FG5: 2 | FH5: 21 | FI5: =40%*FG5+60%*FH5 -> 13.4 | FJ5: =RANK(FI5,$FI$4:$FI$40) -> 2 | FL5: 何方禹 | FM5: 8 | FN5: 8 | FO5: 7 | FP5: =FO5/FN5 -> 0.875 | FQ5: 6 | FR5: =FQ5/FN5 -> 0.75 | FS5: =50%*FP5+50%*FR5 -> 0.8125 | FT5: =RANK(FS5,$FS$3:$FS$8) -> 3 | FV5: 张鑫 | FW5: 冯雅琪 | FX5: 3个月以上 | FY5: 21 | FZ5: 5 | GA5: =50%*FY5+50%*FZ5 -> 13 | GB5: =RANK(GA5,$GA$4:$GA$40) -> 2 | GD5: 何方禹 | GE5: 4 | GF5: 3 | GG5: 2 | GH5: =GE5*40%+GF5*40%+GG5*20% -> 3.2 | GI5: =RANK(GH5,$GH$3:$GH$8) -> 3 | GK5: 何方禹 | GL5: 张桂香 | GM5: 3个月以上 | GN5: 2 | GO5: 93 | GP5: =40%*GN5+60%*GO5 -> 56.6 | GQ5: =RANK(GP5,$GP$4:$GP$40) -> 2 | GS5: 何方禹 | GT5: 8 | GU5: 8 | GV5: 7 | GW5: =GV5/GU5 -> 0.875 | GX5: 5 | GY5: =GX5/GU5 -> 0.625 | GZ5: =50%*GW5+50%*GY5 -> 0.75 | HA5: =RANK(GZ5,$GZ$3:$GZ$8) -> 3 | HC5: 张鑫 | HD5: 冯雅琪 | HE5: 3个月以上 | HF5: 10 | HG5: 7 | HH5: =50%*HF5+50%*HG5 -> 8.5 | HI5: =RANK(HH5,$HH$4:$HH$40) -> 1 | HK5: 孟鈃 | HL5: 0 | HM5: 1 | HN5: 0 | HO5: =HL5*40%+HM5*40%+HN5*20% -> 0.4 | HP5: =RANK(HO5,$HO$3:$HO$8) -> 3 | HR5: 何方禹 | HS5: 张桂香 | HT5: 3个月以上 | HU5: 2 | HV5: 19 | HW5: =40%*HU5+60%*HV5 -> 12.2 | HX5: =RANK(HW5,$HW$4:$HW$40) -> 2 | HZ5: 何方禹 | IA5: 8 | IB5: 8 | IC5: 7 | ID5: =IC5/IB5 -> 0.875 | IE5: 5 | IF5: =IE5/IB5 -> 0.625 | IG5: =50%*ID5+50%*IF5 -> 0.75 | IH5: =RANK(IG5,$IG$3:$IG$8) -> 3 | IJ5: 孟鈃 | IK5: 罗世懿 | IL5: 3个月以上 | IM5: 3 | IN5: 1 | IO5: 3 | IP5: =IN5/IM5 -> 0.33333333 | IQ5: =40%*IM5+30%*IN5+30%*IO5 -> 2.4 | IR5: =RANK(IQ5,$IQ$4:$IQ$40) -> 2 | IT5: 何方禹 | IU5: 张桂香 | IV5: 3个月以上 | IW5: 2 | IX5: 4 | IY5: =50%*IW5+50%*IX5 -> 3 | IZ5: =RANK(IY5,$IY$4:$IY$40) -> 1 | JB5: 张鑫 | JC5: 冯雅琪 | JD5: 3个月以上 | JE5: 10 | JF5: 4 | JG5: 5 | JH5: =JG5/JE5 -> 0.5 | JI5: =40%*JE5+30%*JF5+30%*JG5 -> 6.7 | JJ5: =RANK(JI5,$JI$4:$JI$40) -> 2 | JL5: 孟鈃 | JM5: 0 | JN5: 1 | JO5: 0 | JP5: =JM5*40%+JN5*40%+JO5*20% -> 0.4 | JQ5: =RANK(JP5,$JP$3:$JP$8) -> 2 | JS5: 何方禹 | JT5: 张桂香 | JU5: 3个月以上 | JV5: 2 | JW5: 20 | JX5: =50%*JV5+50%*JW5 -> 11 | JY5: =RANK(JX5,$JX$4:$JX$40) -> 2 | KA5: 孟鈃 | KB5: 7 | KC5: 7 | KD5: 6 | KE5: =KD5/KC5 -> 0.85714286 | KF5: 4 | KG5: =KF5/KC5 -> 0.57142857 | KH5: =50%*KE5+50%*KG5 -> 0.71428571 | KI5: =RANK(KH5,$KH$3:$KH$8) -> 3 | KL5: 李路 | KM5: 白云松 | KN5: 3个月以上 | KO5: 4 | KP5: 1 | KQ5: 1 | KR5: =KQ5/KO5 -> 0.25 | KS5: =40%*KO5+30%*KP5+30%*KQ5 -> 2.2 | KT5: =RANK(KS5,$KS$4:$KS$39) -> 2 | KV5: 何方禹 | KW5: 周丽丽 | KX5: 3个月以上 | KY5: 3 | KZ5: 3 | LA5: =50%*KY5+50%*KZ5 -> 3 | LB5: =RANK(LA5,$LA$4:$LA$39) -> 2 | LD5: 李路 | LE5: 白云松 | LF5: 3个月以上 | LG5: 3 | LH5: 2 | LI5: 2 | LJ5: =LI5/LG5 -> 0.66666667 | LK5: =40%*LG5+30%*LH5+30%*LI5 -> 2.4 | LL5: =RANK(LK5,$LK$4:$LK$39) -> 2 | LN5: 何方禹 | LO5: 卢星翰 | LP5: 3个月以内 | LQ5: 2 | LR5: 3 | LS5: =50%*LQ5+50%*LR5 -> 2.5 | LT5: =RANK(LS5,$LS$4:$LS$39) -> 2 | LV5: 李路 | LW5: 王明月 | LX5: 3个月以上 | LY5: 4 | LZ5: 1 | MA5: 2 | MB5: =MA5/LY5 -> 0.5 | MC5: =40%*LY5+30%*LZ5+30%*MA5 -> 2.5 | MD5: =RANK(MC5,$MC$4:$MC$39) -> 2 | MF5: 何方禹 | MG5: 卢星翰 | MH5: 3个月以内 | MI5: 3 | MJ5: 3 | MK5: =50%*MI5+50%*MJ5 -> 3 | ML5: =RANK(MK5,$MK$4:$MK$39) -> 2 | MN5: 何方禹 | MO5: 卢星翰 | MP5: 3个月以内 | MQ5: 3 | MR5: 3 | MT5: =MS5/MQ5 -> 0 | MU5: =40%*MQ5+30%*MR5+30%*MS5 -> 2.1 | MV5: =RANK(MU5,$MU$4:$MU$39) -> 2 | MX5: 何方禹 | MY5: 卢星翰 | MZ5: 3个月以内 | NA5: 3 | NB5: 3 | NC5: =50%*NA5+50%*NB5 -> 3 | ND5: =RANK(NC5,$NC$4:$NC$39) -> 2 | NF5: 李路 | NG5: 白云松 | NH5: 3个月以上 | NI5: 12 | NJ5: 5 | NK5: 3 | NL5: =NK5/NI5 -> 0.25 | NM5: =40%*NI5+30%*NJ5+30%*NK5 -> 7.2 | NN5: =RANK(NM5,$NM$4:$NM$39) -> 2 | NP5: 孟鈃 | NQ5: 1 | NR5: 1 | NS5: 0 | NT5: =NQ5*40%+NR5*40%+NS5*20% -> 0.8 | NU5: =RANK(NT5,$NT$3:$NT$8) -> 2 | NW5: 何方禹 | NX5: 卢星翰 | NY5: 3个月以内 | NZ5: 5 | OA5: 15 | OB5: =50%*NZ5+50%*OA5 -> 10 | OC5: =RANK(OB5,$OB$4:$OB$39) -> 2 | OE5: 孟鈃 | OF5: 7 | OG5: 7 | OH5: 7 | OI5: =OH5/OG5 -> 1 | OJ5: 4 | OK5: =OJ5/OG5 -> 0.57142857 | OL5: =50%*OI5+50%*OK5 -> 0.78571429 | OM5: =RANK(OL5,$OL$3:$OL$8) -> 3 | OO5: 孟鈃 | OP5: 罗世懿 | OQ5: 3个月以上 | OR5: 3 | OS5: 2 | OT5: 1 | OU5: =OT5/OR5 -> 0.33333333 | OV5: =40%*OR5+30%*OS5+30%*OT5 -> 2.1 | OW5: =RANK(OV5,$OV$4:$OV$39) -> 2 | OY5: 孟鈃 | OZ5: 王方方 | PA5: 3个月以上 | PB5: 1 | PC5: 6 | PD5: =50%*PB5+50%*PC5 -> 3.5 | PE5: =RANK(PD5,$PD$4:$PD$39) -> 2 | PG5: 张鑫 | PH5: 李明晖 | PI5: 3个月以上 | PJ5: 3 | PK5: 2 | PL5: 2 | PM5: =PL5/PJ5 -> 0.66666667 | PN5: =40%*PJ5+30%*PK5+30%*PL5 -> 2.4 | PO5: =RANK(PN5,$PN$4:$PN$39) -> 2 | PQ5: 何方禹 | PR5: 张桂香 | PS5: 3个月以上 | PT5: 2 | PU5: 4 | PV5: =50%*PT5+50%*PU5 -> 3 | PW5: =RANK(PV5,$PV$4:$PV$39) -> 2 | PY5: 孟鈃 | PZ5: 罗世懿 | QA5: 3个月以上 | QB5: 3 | QC5: 3 | QD5: 2 | QE5: =QD5/QB5 -> 0.66666667 | QF5: =40%*QB5+30%*QC5+30%*QD5 -> 2.7 | QG5: =RANK(QF5,$QF$4:$QF$40) -> 2 | QI5: 何方禹 | QJ5: 张桂香 | QK5: 3个月以上 | QL5: 2 | QM5: 5 | QN5: =50%*QL5+50%*QM5 -> 3.5 | QO5: =RANK(QN5,$QN$4:$QN$40) -> 2 | QQ5: 何方禹 | QR5: 周丽丽 | QS5: 3个月以上 | QT5: 3 | QU5: 2 | QV5: 2 | QW5: =QV5/QT5 -> 0.66666667 | QX5: =40%*QT5+30%*QU5+30%*QV5 -> 2.4 | QY5: =RANK(QX5,$QX$4:$QX$40) -> 2 | RA5: 孟鈃 | RB5: 芦晓辉 | RC5: 3个月以上 | RD5: 1 | RE5: 8 | RF5: =50%*RD5+50%*RE5 -> 4.5 | RG5: =RANK(RF5,$RF$4:$RF$40) -> 2 | RJ5: 李路 | RK5: 王明月 | RL5: 3个月以上 | RM5: 13 | RN5: 3 | RO5: 2 | RP5: 0.15384615 | RQ5: 6.7 | RR5: 2 | RT5: 张鑫 | RU5: 0 | RV5: 0 | RW5: 1 | RX5: 0.2 | RY5: 3 | SA5: 何方禹 | SB5: 张桂香 | SC5: 3个月以上 | SD5: 2 | SE5: 21 | SF5: 11.5 | SG5: 2 | SI5: 孟鈃 | SJ5: 7 | SK5: 7 | SL5: 6 | SM5: 0.85714286 | SN5: 5 | SO5: 0.71428571 | SP5: 0.78571429 | SQ5: 3
A6: 李路 | C6: 124 | D6: =C6/20 -> 6.2 | E6: =D6/$D$2*100 -> 86.111111 | F6: 190 | G6: =F6/$F$2*100 -> 40.948276 | H6: =60%*E6+40%*G6 -> 68.045977 | M6: 何方禹 | N6: 周丽丽 | O6: 3个月以上 | P6: 16 | Q6: 8 | R6: =50%*P6+50%*Q6 -> 12 | S6: =RANK(R6,$R$4:$R$39) -> 3 | U6: 孟鈃 | V6: 4 | W6: 2 | X6: 0 | Y6: =V6*40%+W6*40%+X6*20% -> 2.4 | Z6: =RANK(Y6,$Y$3:$Y$8) -> 4 | AB6: 孟鈃 | AC6: 王方方 | AD6: 3个月以上 | AE6: 4 | AF6: 64 | AG6: =50%*AE6+50%*AF6 -> 34 | AH6: =RANK(AG6,$AG$4:$AG$39) -> 3 | AJ6: 孟鈃 | AK6: 7 | AL6: 7 | AM6: 7 | AN6: =AM6/AL6 -> 1 | AO6: 4 | AP6: =AO6/AL6 -> 0.57142857 | AQ6: =50%*AN6+50%*AP6 -> 0.78571429 | AR6: =RANK(AQ6,$AQ$3:$AQ$8) -> 4 | AT6: 张鑫 | AU6: 陈彩虹 | AV6: 3个月以上 | AW6: 9 | AX6: 5 | AY6: =50%*AW6+50%*AX6 -> 7 | AZ6: =RANK(AY6,$AY$4:$AY$40) -> 3 | BB6: 何方禹 | BC6: 0 | BD6: 0 | BE6: 0 | BF6: =BC6*40%+BD6*40%+BE6*20% -> 0 | BG6: =RANK(BF6,$BF$3:$BF$8) -> 3 | BI6: 孟鈃 | BJ6: 罗世懿 | BK6: 3个月以上 | BL6: 7 | BM6: 8 | BN6: =40%*BL6+60%*BM6 -> 7.6 | BO6: =RANK(BN6,$BN$4:$BN$40) -> 3 | BQ6: 郑家成 | BR6: 7 | BS6: 6 | BT6: 5 | BU6: =BT6/BS6 -> 0.83333333 | BV6: 3 | BW6: =BV6/BS6 -> 0.5 | BX6: =50%*BU6+50%*BW6 -> 0.66666667 | BY6: =RANK(BX6,$BX$3:$BX$8) -> 4 | CA6: 张鑫 | CB6: 冯雅琪 | CC6: 3个月以上 | CD6: 12 | CE6: 3 | CF6: =50%*CD6+50%*CE6 -> 7.5 | CG6: =RANK(CF6,$CF$4:$CF$40) -> 2 | CI6: 郑家成 | CJ6: 1 | CK6: 0 | CL6: 0 | CM6: =CJ6*40%+CK6*40%+CL6*20% -> 0.4 | CN6: =RANK(CM6,$CM$3:$CM$8) -> 3 | CP6: 何方禹 | CQ6: 卢星翰 | CS6: 4 | CT6: 12 | CU6: =40%*CS6+60%*CT6 -> 8.8 | CV6: =RANK(CU6,$CU$4:$CU$40) -> 3 | CX6: 何方禹 | CY6: 8 | CZ6: 8 | DA6: 7 | DB6: =DA6/CZ6 -> 0.875 | DC6: 6 | DD6: =DC6/CZ6 -> 0.75 | DE6: =50%*DB6+50%*DD6 -> 0.8125 | DF6: =RANK(DE6,$DE$3:$DE$8) -> 4 | DH6: 张鑫 | DI6: 冯雅琪 | DJ6: 3个月以上 | DK6: 11 | DL6: 4 | DM6: =50%*DK6+50%*DL6 -> 7.5 | DN6: =RANK(DM6,$DM$4:$DM$39) -> 3 | DP6: 郑家成 | DQ6: 0 | DR6: 0 | DS6: 0 | DT6: =DQ6*40%+DR6*40%+DS6*20% -> 0 | DU6: =RANK(DT6,$DT$3:$DT$8) -> 4 | DW6: 何方禹 | DX6: 周丽丽 | DY6: 3个月以上 | DZ6: 5 | EA6: 15 | EB6: =40%*DZ6+60%*EA6 -> 11 | EC6: =RANK(EB6,$EB$4:$EB$39) -> 3 | EE6: 孟鈃 | EF6: 7 | EG6: 7 | EH6: 6 | EI6: =EH6/EG6 -> 0.85714286 | EJ6: 4 | EK6: =EJ6/EG6 -> 0.57142857 | EL6: =50%*EI6+50%*EK6 -> 0.71428571 | EM6: =RANK(EL6,$EL$3:$EL$8) -> 4 | EO6: 孟鈃 | EP6: 罗世懿 | EQ6: 3个月以上 | ER6: 8 | ES6: 6 | ET6: =50%*ER6+50%*ES6 -> 7 | EU6: =RANK(ET6,$ET$4:$ET$40) -> 3 | EW6: 孟鈃 | EX6: 0 | EY6: 1 | EZ6: 0 | FA6: =EX6*40%+EY6*40%+EZ6*20% -> 0.4 | FB6: =RANK(FA6,$FA$3:$FA$8) -> 4 | FD6: 何方禹 | FE6: 卢星翰 | FG6: 7 | FH6: 16 | FI6: =40%*FG6+60%*FH6 -> 12.4 | FJ6: =RANK(FI6,$FI$4:$FI$40) -> 3 | FL6: 孟鈃 | FM6: 7 | FN6: 7 | FO6: 7 | FP6: =FO6/FN6 -> 1 | FQ6: 4 | FR6: =FQ6/FN6 -> 0.57142857 | FS6: =50%*FP6+50%*FR6 -> 0.78571429 | FT6: =RANK(FS6,$FS$3:$FS$8) -> 4 | FV6: 李路 | FW6: 王明月 | FX6: 3个月以上 | FY6: 15 | FZ6: 9 | GA6: =50%*FY6+50%*FZ6 -> 12 | GB6: =RANK(GA6,$GA$4:$GA$40) -> 3 | GD6: 孟鈃 | GE6: 3 | GF6: 2 | GG6: 1 | GH6: =GE6*40%+GF6*40%+GG6*20% -> 2.2 | GI6: =RANK(GH6,$GH$3:$GH$8) -> 4 | GK6: 何方禹 | GL6: 卢星翰 | GN6: 8 | GO6: 68 | GP6: =40%*GN6+60%*GO6 -> 44 | GQ6: =RANK(GP6,$GP$4:$GP$40) -> 3 | GS6: 孟鈃 | GT6: 7 | GU6: 7 | GV6: 7 | GW6: =GV6/GU6 -> 1 | GX6: 3 | GY6: =GX6/GU6 -> 0.42857143 | GZ6: =50%*GW6+50%*GY6 -> 0.71428571 | HA6: =RANK(GZ6,$GZ$3:$GZ$8) -> 4 | HC6: 李路 | HD6: 白云松 | HE6: 3个月以上 | HF6: 12 | HG6: 3 | HH6: =50%*HF6+50%*HG6 -> 7.5 | HI6: =RANK(HH6,$HH$4:$HH$40) -> 3 | HK6: 何方禹 | HL6: 0 | HM6: 0 | HN6: 1 | HO6: =HL6*40%+HM6*40%+HN6*20% -> 0.2 | HP6: =RANK(HO6,$HO$3:$HO$8) -> 4 | HR6: 何方禹 | HS6: 卢星翰 | HU6: 4 | HV6: 16 | HW6: =40%*HU6+60%*HV6 -> 11.2 | HX6: =RANK(HW6,$HW$4:$HW$40) -> 3 | HZ6: 孟鈃 | IA6: 7 | IB6: 7 | IC6: 5 | ID6: =IC6/IB6 -> 0.71428571 | IE6: 4 | IF6: =IE6/IB6 -> 0.57142857 | IG6: =50%*ID6+50%*IF6 -> 0.64285714 | IH6: =RANK(IG6,$IG$3:$IG$8) -> 4 | IJ6: 李路 | IK6: 王明月 | IL6: 3个月以上 | IM6: 4 | IN6: 1 | IO6: 1 | IP6: =IN6/IM6 -> 0.25 | IQ6: =40%*IM6+30%*IN6+30%*IO6 -> 2.2 | IR6: =RANK(IQ6,$IQ$4:$IQ$40) -> 3 | IT6: 何方禹 | IU6: 卢星翰 | IV6: 3个月以内 | IW6: 2 | IX6: 3 | IY6: =50%*IW6+50%*IX6 -> 2.5 | IZ6: =RANK(IY6,$IY$4:$IY$40) -> 3 | JB6: 何方禹 | JC6: 周丽丽 | JD6: 3个月以上 | JE6: 9 | JF6: 5 | JG6: 4 | JH6: =JG6/JE6 -> 0.44444444 | JI6: =40%*JE6+30%*JF6+30%*JG6 -> 6.3 | JJ6: =RANK(JI6,$JI$4:$JI$40) -> 3 | JL6: 何方禹 | JM6: 0 | JN6: 0 | JO6: 1 | JP6: =JM6*40%+JN6*40%+JO6*20% -> 0.2 | JQ6: =RANK(JP6,$JP$3:$JP$8) -> 4 | JS6: 何方禹 | JT6: 卢星翰 | JU6: 3个月以内 | JV6: 5 | JW6: 14 | JX6: =50%*JV6+50%*JW6 -> 9.5 | JY6: =RANK(JX6,$JX$4:$JX$40) -> 3 | KA6: 何方禹 | KB6: 8 | KC6: 8 | KD6: 6 | KE6: =KD6/KC6 -> 0.75 | KF6: 5 | KG6: =KF6/KC6 -> 0.625 | KH6: =50%*KE6+50%*KG6 -> 0.6875 | KI6: =RANK(KH6,$KH$3:$KH$8) -> 4 | KL6: 何方禹 | KM6: 卢星翰 | KN6: 3个月以内 | KO6: 4 | KP6: 2 | KR6: =KQ6/KO6 -> 0 | KS6: =40%*KO6+30%*KP6+30%*KQ6 -> 2.2 | KT6: =RANK(KS6,$KS$4:$KS$39) -> 2 | KV6: 何方禹 | KW6: 卢星翰 | KX6: 3个月以内 | KY6: 2 | KZ6: 3 | LA6: =50%*KY6+50%*KZ6 -> 2.5 | LB6: =RANK(LA6,$LA$4:$LA$39) -> 3 | LD6: 张鑫 | LE6: 冯雅琪 | LF6: 3个月以上 | LG6: 3 | LH6: 1 | LI6: 2 | LJ6: =LI6/LG6 -> 0.66666667 | LK6: =40%*LG6+30%*LH6+30%*LI6 -> 2.1 | LL6: =RANK(LK6,$LK$4:$LK$39) -> 3 | LN6: 李路 | LO6: 白云松 | LP6: 3个月以上 | LQ6: 2 | LR6: 2 | LS6: =50%*LQ6+50%*LR6 -> 2 | LT6: =RANK(LS6,$LS$4:$LS$39) -> 3 | LV6: 郑家成 | LW6: 孙娟 | LX6: 3个月以上 | LY6: 3 | LZ6: 1 | MA6: 3 | MB6: =MA6/LY6 -> 1 | MC6: =40%*LY6+30%*LZ6+30%*MA6 -> 2.4 | MD6: =RANK(MC6,$MC$4:$MC$39) -> 3 | MF6: 何方禹 | MG6: 周丽丽 | MH6: 3个月以上 | MI6: 1 | MJ6: 3 | MK6: =50%*MI6+50%*MJ6 -> 2 | ML6: =RANK(MK6,$MK$4:$MK$39) -> 3 | MN6: 何方禹 | MO6: 周丽丽 | MP6: 3个月以上 | MQ6: 3 | MR6: 1 | MS6: 2 | MT6: =MS6/MQ6 -> 0.66666667 | MU6: =40%*MQ6+30%*MR6+30%*MS6 -> 2.1 | MV6: =RANK(MU6,$MU$4:$MU$39) -> 2 | MX6: 何方禹 | MY6: 周丽丽 | MZ6: 3个月以上 | NA6: 1 | NB6: 3 | NC6: =50%*NA6+50%*NB6 -> 2 | ND6: =RANK(NC6,$NC$4:$NC$39) -> 3 | NF6: 何方禹 | NG6: 周丽丽 | NH6: 3个月以上 | NI6: 11 | NJ6: 4 | NK6: 4 | NL6: =NK6/NI6 -> 0.36363636 | NM6: =40%*NI6+30%*NJ6+30%*NK6 -> 6.8 | NN6: =RANK(NM6,$NM$4:$NM$39) -> 3 | NP6: 何方禹 | NQ6: 1 | NR6: 0 | NS6: 1 | NT6: =NQ6*40%+NR6*40%+NS6*20% -> 0.6 | NU6: =RANK(NT6,$NT$3:$NT$8) -> 4 | NW6: 何方禹 | NX6: 周丽丽 | NY6: 3个月以上 | NZ6: 4 | OA6: 14 | OB6: =50%*NZ6+50%*OA6 -> 9 | OC6: =RANK(OB6,$OB$4:$OB$39) -> 3 | OE6: 何方禹 | OF6: 8 | OG6: 8 | OH6: 6 | OI6: =OH6/OG6 -> 0.75 | OJ6: 5 | OK6: =OJ6/OG6 -> 0.625 | OL6: =50%*OI6+50%*OK6 -> 0.6875 | OM6: =RANK(OL6,$OL$3:$OL$8) -> 4 | OO6: 张鑫 | OP6: 冯雅琪 | OQ6: 3个月以上 | OR6: 3 | OS6: 1 | OT6: 2 | OU6: =OT6/OR6 -> 0.66666667 | OV6: =40%*OR6+30%*OS6+30%*OT6 -> 2.1 | OW6: =RANK(OV6,$OV$4:$OV$39) -> 2 | OY6: 何方禹 | OZ6: 张桂香 | PA6: 3个月以上 | PB6: 2 | PC6: 4 | PD6: =50%*PB6+50%*PC6 -> 3 | PE6: =RANK(PD6,$PD$4:$PD$39) -> 3 | PG6: 李路 | PH6: 白云松 | PI6: 3个月以上 | PJ6: 3 | PK6: 2 | PL6: 2 | PM6: =PL6/PJ6 -> 0.66666667 | PN6: =40%*PJ6+30%*PK6+30%*PL6 -> 2.4 | PO6: =RANK(PN6,$PN$4:$PN$39) -> 2 | PQ6: 何方禹 | PR6: 卢星翰 | PS6: 3个月以内 | PT6: 2 | PU6: 3 | PV6: =50%*PT6+50%*PU6 -> 2.5 | PW6: =RANK(PV6,$PV$4:$PV$39) -> 3 | PY6: 郑家成 | PZ6: 孙娟 | QA6: 3个月以上 | QB6: 3 | QC6: 1 | QD6: 3 | QE6: =QD6/QB6 -> 1 | QF6: =40%*QB6+30%*QC6+30%*QD6 -> 2.4 | QG6: =RANK(QF6,$QF$4:$QF$40) -> 3 | QI6: 何方禹 | QJ6: 卢星翰 | QK6: 3个月以内 | QL6: 3 | QM6: 3 | QN6: =50%*QL6+50%*QM6 -> 3 | QO6: =RANK(QN6,$QN$4:$QN$40) -> 3 | QQ6: 何方禹 | QR6: 卢星翰 | QS6: 3个月以内 | QT6: 3 | QU6: 3 | QW6: =QV6/QT6 -> 0 | QX6: =40%*QT6+30%*QU6+30%*QV6 -> 2.1 | QY6: =RANK(QX6,$QX$4:$QX$40) -> 3 | RA6: 何方禹 | RB6: 卢星翰 | RC6: 3个月以内 | RD6: 3 | RE6: 3 | RF6: =50%*RD6+50%*RE6 -> 3 | RG6: =RANK(RF6,$RF$4:$RF$40) -> 3 | RJ6: 李路 | RK6: 白云松 | RL6: 3个月以上 | RM6: 10 | RN6: 4 | RO6: 4 | RP6: 0.4 | RQ6: 6.4 | RR6: 3 | RT6: 何方禹 | RU6: 0 | RV6: 0 | RW6: 0 | RX6: 0 | RY6: 4 | SA6: 孟鈃 | SB6: 芦晓辉 | SC6: 3个月以上 | SD6: 3 | SE6: 18 | SF6: 10.5 | SG6: 3 | SI6: 何方禹 | SJ6: 8 | SK6: 8 | SL6: 6 | SM6: 0.75 | SN6: 5 | SO6: 0.625 | SP6: 0.6875 | SQ6: 4
A7: 郑家成 | C7: 130 | D7: =C7/20 -> 6.5 | E7: =D7/$D$2*100 -> 90.277778 | F7: 145 | G7: =F7/$F$2*100 -> 31.25 | H7: =60%*E7+40%*G7 -> 66.666667 | M7: 李路 | N7: 王明月 | O7: 3个月以上 | P7: 16 | Q7: 6 | R7: =50%*P7+50%*Q7 -> 11 | S7: =RANK(R7,$R$4:$R$39) -> 4 | U7: 郑家成 | V7: 4 | W7: 1 | X7: 1 | Y7: =V7*40%+W7*40%+X7*20% -> 2.2 | Z7: =RANK(Y7,$Y$3:$Y$8) -> 5 | AB7: 何方禹 | AC7: 周丽丽 | AD7: 3个月以上 | AE7: 8 | AF7: 56 | AG7: =50%*AE7+50%*AF7 -> 32 | AH7: =RANK(AG7,$AG$4:$AG$39) -> 4 | AJ7: 郑家成 | AK7: 7 | AL7: 6 | AM7: 6 | AN7: =AM7/AL7 -> 1 | AO7: 1 | AP7: =AO7/AL7 -> 0.16666667 | AQ7: =50%*AN7+50%*AP7 -> 0.58333333 | AR7: =RANK(AQ7,$AQ$3:$AQ$8) -> 5 | AT7: 张鑫 | AU7: 冯雅琪 | AV7: 3个月以上 | AW7: 10 | AX7: 3 | AY7: =50%*AW7+50%*AX7 -> 6.5 | AZ7: =RANK(AY7,$AY$4:$AY$40) -> 4 | BB7: 郑家成 | BC7: 0 | BD7: 0 | BE7: 0 | BF7: =BC7*40%+BD7*40%+BE7*20% -> 0 | BG7: =RANK(BF7,$BF$3:$BF$8) -> 3 | BI7: 何方禹 | BJ7: 周丽丽 | BK7: 3个月以上 | BL7: 4 | BM7: 8 | BN7: =40%*BL7+60%*BM7 -> 6.4 | BO7: =RANK(BN7,$BN$4:$BN$40) -> 4 | BQ7: 孟鈃 | BR7: 7 | BS7: 7 | BT7: 4 | BU7: =BT7/BS7 -> 0.57142857 | BV7: 2 | BW7: =BV7/BS7 -> 0.28571429 | BX7: =50%*BU7+50%*BW7 -> 0.42857143 | BY7: =RANK(BX7,$BX$3:$BX$8) -> 5 | CA7: 李路 | CB7: 白云松 | CC7: 3个月以上 | CD7: 8 | CE7: 5 | CF7: =50%*CD7+50%*CE7 -> 6.5 | CG7: =RANK(CF7,$CF$4:$CF$40) -> 4 | CI7: 何方禹 | CJ7: 0 | CK7: 0 | CL7: 1 | CM7: =CJ7*40%+CK7*40%+CL7*20% -> 0.2 | CN7: =RANK(CM7,$CM$3:$CM$8) -> 5 | CP7: 孟鈃 | CQ7: 王方方 | CR7: 3个月以上 | CS7: 2 | CT7: 13 | CU7: =40%*CS7+60%*CT7 -> 8.6 | CV7: =RANK(CU7,$CU$4:$CU$40) -> 4 | CX7: 孟鈃 | CY7: 7 | CZ7: 7 | DA7: 6 | DB7: =DA7/CZ7 -> 0.85714286 | DC7: 5 | DD7: =DC7/CZ7 -> 0.71428571 | DE7: =50%*DB7+50%*DD7 -> 0.78571429 | DF7: =RANK(DE7,$DE$3:$DE$8) -> 5 | DH7: 李路 | DI7: 白云松 | DJ7: 3个月以上 | DK7: 10 | DL7: 4 | DM7: =50%*DK7+50%*DL7 -> 7 | DN7: =RANK(DM7,$DM$4:$DM$39) -> 4 | DP7: 何方禹 | DQ7: 0 | DR7: 0 | DS7: 0 | DT7: =DQ7*40%+DR7*40%+DS7*20% -> 0 | DU7: =RANK(DT7,$DT$3:$DT$8) -> 4 | DW7: 何方禹 | DX7: 卢星翰 | DZ7: 4 | EA7: 15 | EB7: =40%*DZ7+60%*EA7 -> 10.6 | EC7: =RANK(EB7,$EB$4:$EB$39) -> 4 | EE7: 郑家成 | EF7: 7 | EG7: 5 | EH7: 5 | EI7: =EH7/EG7 -> 1 | EJ7: 2 | EK7: =EJ7/EG7 -> 0.4 | EL7: =50%*EI7+50%*EK7 -> 0.7 | EM7: =RANK(EL7,$EL$3:$EL$8) -> 5 | EO7: 何方禹 | EP7: 周丽丽 | EQ7: 3个月以上 | ER7: 9 | ES7: 5 | ET7: =50%*ER7+50%*ES7 -> 7 | EU7: =RANK(ET7,$ET$4:$ET$40) -> 3 | EW7: 郑家成 | EX7: 0 | EY7: 0 | EZ7: 0 | FA7: =EX7*40%+EY7*40%+EZ7*20% -> 0 | FB7: =RANK(FA7,$FA$3:$FA$8) -> 5 | FD7: 何方禹 | FE7: 周丽丽 | FF7: 3个月以上 | FG7: 5 | FH7: 13 | FI7: =40%*FG7+60%*FH7 -> 9.8 | FJ7: =RANK(FI7,$FI$4:$FI$40) -> 4 | FL7: 郑家成 | FM7: 7 | FN7: 5 | FO7: 4 | FP7: =FO7/FN7 -> 0.8 | FQ7: 1 | FR7: =FQ7/FN7 -> 0.2 | FS7: =50%*FP7+50%*FR7 -> 0.5 | FT7: =RANK(FS7,$FS$3:$FS$8) -> 5 | FV7: 张鑫 | FW7: 陈彩虹 | FX7: 3个月以上 | FY7: 15 | FZ7: 9 | GA7: =50%*FY7+50%*FZ7 -> 12 | GB7: =RANK(GA7,$GA$4:$GA$40) -> 3 | GD7: 郑家成 | GE7: 4 | GF7: 0 | GG7: 1 | GH7: =GE7*40%+GF7*40%+GG7*20% -> 1.8 | GI7: =RANK(GH7,$GH$3:$GH$8) -> 5 | GK7: 何方禹 | GL7: 周丽丽 | GM7: 3个月以上 | GN7: 7 | GO7: 61 | GP7: =40%*GN7+60%*GO7 -> 39.4 | GQ7: =RANK(GP7,$GP$4:$GP$40) -> 4 | GS7: 郑家成 | GT7: 7 | GU7: 5 | GV7: 5 | GW7: =GV7/GU7 -> 1 | GX7: 1 | GY7: =GX7/GU7 -> 0.2 | GZ7: =50%*GW7+50%*GY7 -> 0.6 | HA7: =RANK(GZ7,$GZ$3:$GZ$8) -> 5 | HC7: 孟鈃 | HD7: 罗世懿 | HE7: 3个月以上 | HF7: 7 | HG7: 7 | HH7: =50%*HF7+50%*HG7 -> 7 | HI7: =RANK(HH7,$HH$4:$HH$40) -> 4 | HK7: 郑家成 | HL7: 0 | HM7: 0 | HN7: 0 | HO7: =HL7*40%+HM7*40%+HN7*20% -> 0 | HP7: =RANK(HO7,$HO$3:$HO$8) -> 5 | HR7: 何方禹 | HS7: 周丽丽 | HT7: 3个月以上 | HU7: 5 | HV7: 13 | HW7: =40%*HU7+60%*HV7 -> 9.8 | HX7: =RANK(HW7,$HW$4:$HW$40) -> 4 | HZ7: 郑家成 | IA7: 7 | IB7: 6 | IC7: 4 | ID7: =IC7/IB7 -> 0.66666667 | IE7: 3 | IF7: =IE7/IB7 -> 0.5 | IG7: =50%*ID7+50%*IF7 -> 0.58333333 | IH7: =RANK(IG7,$IG$3:$IG$8) -> 5 | IJ7: 张鑫 | IK7: 李明晖 | IL7: 3个月以上 | IM7: 3 | IN7: 1 | IO7: 2 | IP7: =IN7/IM7 -> 0.33333333 | IQ7: =40%*IM7+30%*IN7+30%*IO7 -> 2.1 | IR7: =RANK(IQ7,$IQ$4:$IQ$40) -> 4 | IT7: 张鑫 | IU7: 李明晖 | IV7: 3个月以上 | IW7: 2 | IX7: 2 | IY7: =50%*IW7+50%*IX7 -> 2 | IZ7: =RANK(IY7,$IY$4:$IY$40) -> 4 | JB7: 孟鈃 | JC7: 罗世懿 | JD7: 3个月以上 | JE7: 7 | JF7: 7 | JG7: 3 | JH7: =JG7/JE7 -> 0.42857143 | JI7: =40%*JE7+30%*JF7+30%*JG7 -> 5.8 | JJ7: =RANK(JI7,$JI$4:$JI$40) -> 4 | JL7: 郑家成 | JM7: 0 | JN7: 0 | JO7: 0 | JP7: =JM7*40%+JN7*40%+JO7*20% -> 0 | JQ7: =RANK(JP7,$JP$3:$JP$8) -> 5 | JS7: 孟鈃 | JT7: 王方方 | JU7: 3个月以上 | JV7: 3 | JW7: 15 | JX7: =50%*JV7+50%*JW7 -> 9 | JY7: =RANK(JX7,$JX$4:$JX$40) -> 4 | KA7: 郑家成 | KB7: 7 | KC7: 6 | KD7: 5 | KE7: =KD7/KC7 -> 0.83333333 | KF7: 3 | KG7: =KF7/KC7 -> 0.5 | KH7: =50%*KE7+50%*KG7 -> 0.66666667 | KI7: =RANK(KH7,$KH$3:$KH$8) -> 5 | KL7: 卜先峰 | KM7: 许恺丽 | KN7: 3个月以上 | KO7: 3 | KP7: 1 | KQ7: 2 | KR7: =KQ7/KO7 -> 0.66666667 | KS7: =40%*KO7+30%*KP7+30%*KQ7 -> 2.1 | KT7: =RANK(KS7,$KS$4:$KS$39) -> 4 | KV7: 张鑫 | KW7: 冯雅琪 | KX7: 3个月以上 | KY7: 2 | KZ7: 2 | LA7: =50%*KY7+50%*KZ7 -> 2 | LB7: =RANK(LA7,$LA$4:$LA$39) -> 4 | LD7: 李路 | LE7: 王明月 | LF7: 3个月以上 | LG7: 4 | LH7: 1 | LJ7: =LI7/LG7 -> 0 | LK7: =40%*LG7+30%*LH7+30%*LI7 -> 1.9 | LL7: =RANK(LK7,$LK$4:$LK$39) -> 4 | LN7: 张鑫 | LO7: 陈彩虹 | LP7: 3个月以上 | LQ7: 2 | LR7: 2 | LS7: =50%*LQ7+50%*LR7 -> 2 | LT7: =RANK(LS7,$LS$4:$LS$39) -> 3 | LV7: 李路 | LW7: 白云松 | LX7: 3个月以上 | LY7: 4 | LZ7: 1 | MA7: 1 | MB7: =MA7/LY7 -> 0.25 | MC7: =40%*LY7+30%*LZ7+30%*MA7 -> 2.2 | MD7: =RANK(MC7,$MC$4:$MC$39) -> 4 | MF7: 张鑫 | MG7: 陈彩虹 | MH7: 3个月以上 | MI7: 2 | MJ7: 2 | MK7: =50%*MI7+50%*MJ7 -> 2 | ML7: =RANK(MK7,$MK$4:$MK$39) -> 3 | MN7: 张鑫 | MO7: 李明晖 | MP7: 3个月以上 | MQ7: 3 | MR7: 2 | MS7: 1 | MT7: =MS7/MQ7 -> 0.33333333 | MU7: =40%*MQ7+30%*MR7+30%*MS7 -> 2.1 | MV7: =RANK(MU7,$MU$4:$MU$39) -> 2 | MX7: 张鑫 | MY7: 李明晖 | MZ7: 3个月以上 | NA7: 2 | NB7: 2 | NC7: =50%*NA7+50%*NB7 -> 2 | ND7: =RANK(NC7,$NC$4:$NC$39) -> 3 | NF7: 李路 | NG7: 王明月 | NH7: 3个月以上 | NI7: 11 | NJ7: 4 | NK7: 3 | NL7: =NK7/NI7 -> 0.27272727 | NM7: =40%*NI7+30%*NJ7+30%*NK7 -> 6.5 | NN7: =RANK(NM7,$NM$4:$NM$39) -> 4 | NP7: 郑家成 | NQ7: 0 | NR7: 0 | NS7: 1 | NT7: =NQ7*40%+NR7*40%+NS7*20% -> 0.2 | NU7: =RANK(NT7,$NT$3:$NT$8) -> 5 | NW7: 孟鈃 | NX7: 芦晓辉 | NY7: 3个月以上 | NZ7: 3 | OA7: 12 | OB7: =50%*NZ7+50%*OA7 -> 7.5 | OC7: =RANK(OB7,$OB$4:$OB$39) -> 4 | OE7: 郑家成 | OF7: 7 | OG7: 6 | OH7: 5 | OI7: =OH7/OG7 -> 0.83333333 | OJ7: 3 | OK7: =OJ7/OG7 -> 0.5 | OL7: =50%*OI7+50%*OK7 -> 0.66666667 | OM7: =RANK(OL7,$OL$3:$OL$8) -> 5 | OO7: 何方禹 | OP7: 周丽丽 | OQ7: 3个月以上 | OR7: 2 | OS7: 2 | OT7: 2 | OU7: =OT7/OR7 -> 1 | OV7: =40%*OR7+30%*OS7+30%*OT7 -> 2 | OW7: =RANK(OV7,$OV$4:$OV$39) -> 4 | OY7: 何方禹 | OZ7: 周丽丽 | PA7: 3个月以上 | PB7: 2 | PC7: 3 | PD7: =50%*PB7+50%*PC7 -> 2.5 | PE7: =RANK(PD7,$PD$4:$PD$39) -> 4 | PG7: 李路 | PH7: 王明月 | PI7: 3个月以上 | PJ7: 5 | PK7: 1 | PM7: =PL7/PJ7 -> 0 | PN7: =40%*PJ7+30%*PK7+30%*PL7 -> 2.3 | PO7: =RANK(PN7,$PN$4:$PN$39) -> 4 | PQ7: 孟鈃 | PR7: 李雪茹 | PS7: 3个月以内 | PT7: 2 | PU7: 3 | PV7: =50%*PT7+50%*PU7 -> 2.5 | PW7: =RANK(PV7,$PV$4:$PV$39) -> 3 | PY7: 李路 | PZ7: 王明月 | QA7: 3个月以上 | QB7: 4 | QC7: 1 | QD7: 1 | QE7: =QD7/QB7 -> 0.25 | QF7: =40%*QB7+30%*QC7+30%*QD7 -> 2.2 | QG7: =RANK(QF7,$QF$4:$QF$40) -> 4 | QI7: 何方禹 | QJ7: 周丽丽 | QK7: 3个月以上 | QL7: 2 | QM7: 3 | QN7: =50%*QL7+50%*QM7 -> 2.5 | QO7: =RANK(QN7,$QN$4:$QN$40) -> 4 | QQ7: 李路 | QR7: 白云松 | QS7: 3个月以上 | QT7: 4 | QU7: 1 | QW7: =QV7/QT7 -> 0 | QX7: =40%*QT7+30%*QU7+30%*QV7 -> 1.9 | QY7: =RANK(QX7,$QX$4:$QX$40) -> 4 | RA7: 何方禹 | RB7: 张桂香 | RC7: 3个月以上 | RD7: 2 | RE7: 4 | RF7: =50%*RD7+50%*RE7 -> 3 | RG7: =RANK(RF7,$RF$4:$RF$40) -> 3 | RJ7: 张鑫 | RK7: 冯雅琪 | RL7: 3个月以上 | RM7: 9 | RN7: 4 | RO7: 5 | RP7: 0.55555556 | RQ7: 6.3 | RR7: 4 | RT7: 郑家成 | RU7: 0 | RV7: 0 | RW7: 0 | RX7: 0 | RY7: 4 | SA7: 何方禹 | SB7: 卢星翰 | SC7: 3个月以内 | SD7: 5 | SE7: 15 | SF7: 10 | SG7: 4 | SI7: 郑家成 | SJ7: 7 | SK7: 7 | SL7: 5 | SM7: 0.71428571 | SN7: 4 | SO7: 0.57142857 | SP7: 0.64285714 | SQ7: 5
A8: 孟鈃 | C8: 72 | D8: =C8/20 -> 3.6 | E8: =D8/$D$2*100 -> 50 | F8: 337 | G8: =F8/$F$2*100 -> 72.62931 | H8: =60%*E8+40%*G8 -> 59.051724 | M8: 张鑫 | N8: 陈本相 | O8: 3个月以上 | P8: 14 | Q8: 7 | R8: =50%*P8+50%*Q8 -> 10.5 | S8: =RANK(R8,$R$4:$R$39) -> 5 | U8: 卜先峰 | V8: 0 | W8: 1 | X8: 0 | Y8: =V8*40%+W8*40%+X8*20% -> 0.4 | Z8: =RANK(Y8,$Y$3:$Y$8) -> 6 | AB8: 何方禹 | AC8: 卢星翰 | AE8: 6 | AF8: 52 | AG8: =50%*AE8+50%*AF8 -> 29 | AH8: =RANK(AG8,$AG$4:$AG$39) -> 5 | AJ8: 卜先峰 | AK8: 4 | AL8: 4 | AM8: 4 | AN8: =AM8/AL8 -> 1 | AO8: 0 | AP8: =AO8/AL8 -> 0 | AQ8: =50%*AN8+50%*AP8 -> 0.5 | AR8: =RANK(AQ8,$AQ$3:$AQ$8) -> 6 | AT8: 李路 | AU8: 王明月 | AV8: 3个月以上 | AW8: 10 | AX8: 3 | AY8: =50%*AW8+50%*AX8 -> 6.5 | AZ8: =RANK(AY8,$AY$4:$AY$40) -> 4 | BB8: 卜先峰 | BC8: 0 | BD8: 0 | BE8: 0 | BF8: =BC8*40%+BD8*40%+BE8*20% -> 0 | BG8: =RANK(BF8,$BF$3:$BF$8) -> 3 | BI8: 孟鈃 | BJ8: 王方方 | BK8: 3个月以上 | BL8: 3 | BM8: 7 | BN8: =40%*BL8+60%*BM8 -> 5.4 | BO8: =RANK(BN8,$BN$4:$BN$40) -> 5 | BQ8: 卜先峰 | BR8: 4 | BS8: 4 | BT8: 1 | BU8: =BT8/BS8 -> 0.25 | BV8: 0 | BW8: =BV8/BS8 -> 0 | BX8: =50%*BU8+50%*BW8 -> 0.125 | BY8: =RANK(BX8,$BX$3:$BX$8) -> 6 | CA8: 张鑫 | CB8: 陈彩虹 | CC8: 3个月以上 | CD8: 8 | CE8: 4 | CF8: =50%*CD8+50%*CE8 -> 6 | CG8: =RANK(CF8,$CF$4:$CF$40) -> 5 | CI8: 卜先峰 | CJ8: 0 | CK8: 0 | CL8: 0 | CM8: =CJ8*40%+CK8*40%+CL8*20% -> 0 | CN8: =RANK(CM8,$CM$3:$CM$8) -> 6 | CP8: 何方禹 | CQ8: 周丽丽 | CR8: 3个月以上 | CS8: 3 | CT8: 12 | CU8: =40%*CS8+60%*CT8 -> 8.4 | CV8: =RANK(CU8,$CU$4:$CU$40) -> 5 | CX8: 卜先峰 | CY8: 4 | CZ8: 4 | DA8: 3 | DB8: =DA8/CZ8 -> 0.75 | DC8: 1 | DD8: =DC8/CZ8 -> 0.25 | DE8: =50%*DB8+50%*DD8 -> 0.5 | DF8: =RANK(DE8,$DE$3:$DE$8) -> 6 | DH8: 李路 | DI8: 王明月 | DJ8: 3个月以上 | DK8: 8 | DL8: 4 | DM8: =50%*DK8+50%*DL8 -> 6 | DN8: =RANK(DM8,$DM$4:$DM$39) -> 5 | DP8: 卜先峰 | DQ8: 0 | DR8: 0 | DS8: 0 | DT8: =DQ8*40%+DR8*40%+DS8*20% -> 0 | DU8: =RANK(DT8,$DT$3:$DT$8) -> 4 | DW8: 孟鈃 | DX8: 王方方 | DY8: 3个月以上 | DZ8: 3 | EA8: 13 | EB8: =40%*DZ8+60%*EA8 -> 9 | EC8: =RANK(EB8,$EB$4:$EB$39) -> 5 | EE8: 卜先峰 | EF8: 4 | EG8: 4 | EH8: 2 | EI8: =EH8/EG8 -> 0.5 | EJ8: 2 | EK8: =EJ8/EG8 -> 0.5 | EL8: =50%*EI8+50%*EK8 -> 0.5 | EM8: =RANK(EL8,$EL$3:$EL$8) -> 6 | EO8: 张鑫 | EP8: 陈彩虹 | EQ8: 3个月以上 | ER8: 8 | ES8: 5 | ET8: =50%*ER8+50%*ES8 -> 6.5 | EU8: =RANK(ET8,$ET$4:$ET$40) -> 5 | EW8: 卜先峰 | EX8: 0 | EY8: 0 | EZ8: 0 | FA8: =EX8*40%+EY8*40%+EZ8*20% -> 0 | FB8: =RANK(FA8,$FA$3:$FA$8) -> 5 | FD8: 孟鈃 | FE8: 王方方 | FF8: 3个月以上 | FG8: 3 | FH8: 11 | FI8: =40%*FG8+60%*FH8 -> 7.8 | FJ8: =RANK(FI8,$FI$4:$FI$40) -> 5 | FL8: 卜先峰 | FM8: 4 | FN8: 4 | FO8: 3 | FP8: =FO8/FN8 -> 0.75 | FQ8: 1 | FR8: =FQ8/FN8 -> 0.25 | FS8: =50%*FP8+50%*FR8 -> 0.5 | FT8: =RANK(FS8,$FS$3:$FS$8) -> 5 | FV8: 何方禹 | FW8: 周丽丽 | FX8: 3个月以上 | FY8: 14 | FZ8: 7 | GA8: =50%*FY8+50%*FZ8 -> 10.5 | GB8: =RANK(GA8,$GA$4:$GA$40) -> 5 | GD8: 卜先峰 | GE8: 0 | GF8: 0 | GG8: 0 | GH8: =GE8*40%+GF8*40%+GG8*20% -> 0 | GI8: =RANK(GH8,$GH$3:$GH$8) -> 6 | GK8: 孟鈃 | GL8: 王方方 | GM8: 3个月以上 | GN8: 5 | GO8: 61 | GP8: =40%*GN8+60%*GO8 -> 38.6 | GQ8: =RANK(GP8,$GP$4:$GP$40) -> 5 | GS8: 卜先峰 | GT8: 4 | GU8: 4 | GV8: 4 | GW8: =GV8/GU8 -> 1 | GX8: 0 | GY8: =GX8/GU8 -> 0 | GZ8: =50%*GW8+50%*GY8 -> 0.5 | HA8: =RANK(GZ8,$GZ$3:$GZ$8) -> 6 | HC8: 张鑫 | HD8: 陈彩虹 | HE8: 3个月以上 | HF8: 8 | HG8: 6 | HH8: =50%*HF8+50%*HG8 -> 7 | HI8: =RANK(HH8,$HH$4:$HH$40) -> 4 | HK8: 卜先峰 | HL8: 0 | HM8: 0 | HN8: 0 | HO8: =HL8*40%+HM8*40%+HN8*20% -> 0 | HP8: =RANK(HO8,$HO$3:$HO$8) -> 5 | HR8: 孟鈃 | HS8: 王方方 | HT8: 3个月以上 | HU8: 3 | HV8: 14 | HW8: =40%*HU8+60%*HV8 -> 9.6 | HX8: =RANK(HW8,$HW$4:$HW$40) -> 5 | HZ8: 卜先峰 | IA8: 4 | IB8: 4 | IC8: 3 | ID8: =IC8/IB8 -> 0.75 | IE8: 0 | IF8: =IE8/IB8 -> 0 | IG8: =50%*ID8+50%*IF8 -> 0.375 | IH8: =RANK(IG8,$IG$3:$IG$8) -> 6 | IJ8: 郑家成 | IK8: 孙娟 | IL8: 3个月以上 | IM8: 3 | IN8: 2 | IO8: 1 | IP8: =IN8/IM8 -> 0.66666667 | IQ8: =40%*IM8+30%*IN8+30%*IO8 -> 2.1 | IR8: =RANK(IQ8,$IQ$4:$IQ$40) -> 4 | IT8: 张鑫 | IU8: 陈彩虹 | IV8: 3个月以上 | IW8: 2 | IX8: 2 | IY8: =50%*IW8+50%*IX8 -> 2 | IZ8: =RANK(IY8,$IY$4:$IY$40) -> 4 | JB8: 张鑫 | JC8: 陈彩虹 | JD8: 3个月以上 | JE8: 7 | JF8: 6 | JG8: 3 | JH8: =JG8/JE8 -> 0.42857143 | JI8: =40%*JE8+30%*JF8+30%*JG8 -> 5.5 | JJ8: =RANK(JI8,$JI$4:$JI$40) -> 5 | JL8: 卜先峰 | JM8: 0 | JN8: 0 | JO8: 0 | JP8: =JM8*40%+JN8*40%+JO8*20% -> 0 | JQ8: =RANK(JP8,$JP$3:$JP$8) -> 5 | JS8: 何方禹 | JT8: 周丽丽 | JU8: 3个月以上 | JV8: 5 | JW8: 13 | JX8: =50%*JV8+50%*JW8 -> 9 | JY8: =RANK(JX8,$JX$4:$JX$40) -> 4 | KA8: 卜先峰 | KB8: 4 | KC8: 4 | KD8: 3 | KE8: =KD8/KC8 -> 0.75 | KF8: 0 | KG8: =KF8/KC8 -> 0 | KH8: =50%*KE8+50%*KG8 -> 0.375 | KI8: =RANK(KH8,$KH$3:$KH$8) -> 6 | KL8: 张鑫 | KM8: 李明晖 | KN8: 3个月以上 | KO8: 3 | KP8: 1 | KQ8: 1 | KR8: =KQ8/KO8 -> 0.33333333 | KS8: =40%*KO8+30%*KP8+30%*KQ8 -> 1.8 | KT8: =RANK(KS8,$KS$4:$KS$39) -> 5 | KV8: 何方禹 | KW8: 张桂香 | KX8: 3个月以上 | KY8: 2 | KZ8: 2 | LA8: =50%*KY8+50%*KZ8 -> 2 | LB8: =RANK(LA8,$LA$4:$LA$39) -> 4 | LD8: 何方禹 | LE8: 卢星翰 | LF8: 3个月以内 | LG8: 3 | LH8: 2 | LJ8: =LI8/LG8 -> 0 | LK8: =40%*LG8+30%*LH8+30%*LI8 -> 1.8 | LL8: =RANK(LK8,$LK$4:$LK$39) -> 5 | LN8: 何方禹 | LO8: 张桂香 | LP8: 3个月以上 | LQ8: 1 | LR8: 3 | LS8: =50%*LQ8+50%*LR8 -> 2 | LT8: =RANK(LS8,$LS$4:$LS$39) -> 3 | LV8: 何方禹 | LW8: 卢星翰 | LX8: 3个月以内 | LY8: 3 | LZ8: 3 | MB8: =MA8/LY8 -> 0 | MC8: =40%*LY8+30%*LZ8+30%*MA8 -> 2.1 | MD8: =RANK(MC8,$MC$4:$MC$39) -> 5 | MF8: 何方禹 | MG8: 张桂香 | MH8: 3个月以上 | MI8: 2 | MJ8: 2 | MK8: =50%*MI8+50%*MJ8 -> 2 | ML8: =RANK(MK8,$MK$4:$MK$39) -> 3 | MN8: 李路 | MO8: 王明月 | MP8: 3个月以上 | MQ8: 4 | MS8: 1 | MT8: =MS8/MQ8 -> 0.25 | MU8: =40%*MQ8+30%*MR8+30%*MS8 -> 1.9 | MV8: =RANK(MU8,$MU$4:$MU$39) -> 5 | MX8: 李路 | MY8: 白云松 | MZ8: 3个月以上 | NA8: 2 | NB8: 2 | NC8: =50%*NA8+50%*NB8 -> 2 | ND8: =RANK(NC8,$NC$4:$NC$39) -> 3 | NF8: 张鑫 | NG8: 陈彩虹 | NH8: 3个月以上 | NI8: 9 | NJ8: 6 | NK8: 2 | NL8: =NK8/NI8 -> 0.22222222 | NM8: =40%*NI8+30%*NJ8+30%*NK8 -> 6 | NN8: =RANK(NM8,$NM$4:$NM$39) -> 5 | NP8: 卜先峰 | NQ8: 0 | NR8: 0 | NS8: 0 | NT8: =NQ8*40%+NR8*40%+NS8*20% -> 0 | NU8: =RANK(NT8,$NT$3:$NT$8) -> 6 | NW8: 张鑫 | NX8: 陈彩虹 | NY8: 3个月以上 | NZ8: 6 | OA8: 8 | OB8: =50%*NZ8+50%*OA8 -> 7 | OC8: =RANK(OB8,$OB$4:$OB$39) -> 5 | OE8: 卜先峰 | OF8: 4 | OG8: 4 | OH8: 2 | OI8: =OH8/OG8 -> 0.5 | OJ8: 0 | OK8: =OJ8/OG8 -> 0 | OL8: =50%*OI8+50%*OK8 -> 0.25 | OM8: =RANK(OL8,$OL$3:$OL$8) -> 6 | OO8: 张鑫 | OP8: 李明晖 | OQ8: 3个月以上 | OR8: 3 | OS8: 1 | OT8: 1 | OU8: =OT8/OR8 -> 0.33333333 | OV8: =40%*OR8+30%*OS8+30%*OT8 -> 1.8 | OW8: =RANK(OV8,$OV$4:$OV$39) -> 5 | OY8: 李路 | OZ8: 白云松 | PA8: 3个月以上 | PB8: 2 | PC8: 3 | PD8: =50%*PB8+50%*PC8 -> 2.5 | PE8: =RANK(PD8,$PD$4:$PD$39) -> 4 | PG8: 孟鈃 | PH8: 罗世懿 | PI8: 3个月以上 | PJ8: 3 | PK8: 3 | PM8: =PL8/PJ8 -> 0 | PN8: =40%*PJ8+30%*PK8+30%*PL8 -> 2.1 | PO8: =RANK(PN8,$PN$4:$PN$39) -> 5 | PQ8: 何方禹 | PR8: 周丽丽 | PS8: 3个月以上 | PT8: 2 | PU8: 2 | PV8: =50%*PT8+50%*PU8 -> 2 | PW8: =RANK(PV8,$PV$4:$PV$39) -> 5 | PY8: 何方禹 | PZ8: 卢星翰 | QA8: 3个月以内 | QB8: 3 | QC8: 3 | QE8: =QD8/QB8 -> 0 | QF8: =40%*QB8+30%*QC8+30%*QD8 -> 2.1 | QG8: =RANK(QF8,$QF$4:$QF$40) -> 5 | QI8: 孟鈃 | QJ8: 王方方 | QK8: 3个月以上 | QL8: 2 | QM8: 2 | QN8: =50%*QL8+50%*QM8 -> 2 | QO8: =RANK(QN8,$QN$4:$QN$40) -> 5 | QQ8: 李路 | QR8: 王明月 | QS8: 3个月以上 | QT8: 3 | QU8: 1 | QV8: 1 | QW8: =QV8/QT8 -> 0.33333333 | QX8: =40%*QT8+30%*QU8+30%*QV8 -> 1.8 | QY8: =RANK(QX8,$QX$4:$QX$40) -> 5 | RA8: 何方禹 | RB8: 周丽丽 | RC8: 3个月以上 | RD8: 2 | RE8: 3 | RF8: =50%*RD8+50%*RE8 -> 2.5 | RG8: =RANK(RF8,$RF$4:$RF$40) -> 5 | RJ8: 张鑫 | RK8: 鲁景霄 | RL8: 3个月以上 | RM8: 8 | RN8: 5 | RO8: 2 | RP8: 0.25 | RQ8: 5.3 | RR8: 5 | RT8: 卜先峰 | RU8: 0 | RV8: 0 | RW8: 0 | RX8: 0 | RY8: 4 | SA8: 孟鈃 | SB8: 王方方 | SC8: 3个月以上 | SD8: 3 | SE8: 15 | SF8: 9 | SG8: 5 | SI8: 卜先峰 | SJ8: 4 | SK8: 4 | SL8: 3 | SM8: 0.75 | SN8: 2 | SO8: 0.5 | SP8: 0.625 | SQ8: 6
A9: 卜先峰 | C9: 26 | D9: =C9/20 -> 1.3 | E9: =D9/$D$2*100 -> 18.055556 | F9: 22 | G9: =F9/$F$2*100 -> 4.7413793 | H9: =60%*E9+40%*G9 -> 12.729885 | M9: 李路 | N9: 王禹 | O9: 3个月以上 | P9: 11 | Q9: 9 | R9: =50%*P9+50%*Q9 -> 10 | S9: =RANK(R9,$R$4:$R$39) -> 6 | AB9: 张鑫 | AC9: 陈彩虹 | AD9: 3个月以上 | AE9: 7 | AF9: 33 | AG9: =50%*AE9+50%*AF9 -> 20 | AH9: =RANK(AG9,$AG$4:$AG$39) -> 6 | AT9: 张鑫 | AU9: 李明晖 | AV9: 3个月以上 | AW9: 9 | AX9: 3 | AY9: =50%*AW9+50%*AX9 -> 6 | AZ9: =RANK(AY9,$AY$4:$AY$40) -> 6 | BI9: 张鑫 | BJ9: 陈彩虹 | BK9: 3个月以上 | BL9: 5 | BM9: 5 | BN9: =40%*BL9+60%*BM9 -> 5 | BO9: =RANK(BN9,$BN$4:$BN$40) -> 6 | CA9: 张鑫 | CB9: 李明晖 | CC9: 3个月以上 | CD9: 8 | CE9: 4 | CF9: =50%*CD9+50%*CE9 -> 6 | CG9: =RANK(CF9,$CF$4:$CF$40) -> 5 | CP9: 李路 | CQ9: 白云松 | CR9: 3个月以上 | CS9: 5 | CT9: 10 | CU9: =40%*CS9+60%*CT9 -> 8 | CV9: =RANK(CU9,$CU$4:$CU$40) -> 6 | DH9: 张鑫 | DI9: 李明晖 | DJ9: 3个月以上 | DK9: 6 | DL9: 6 | DM9: =50%*DK9+50%*DL9 -> 6 | DN9: =RANK(DM9,$DM$4:$DM$39) -> 5 | DW9: 张鑫 | DX9: 陈彩虹 | DY9: 3个月以上 | DZ9: 8 | EA9: 9 | EB9: =40%*DZ9+60%*EA9 -> 8.6 | EC9: =RANK(EB9,$EB$4:$EB$39) -> 6 | EO9: 张鑫 | EP9: 冯雅琪 | EQ9: 3个月以上 | ER9: 10 | ES9: 2 | ET9: =50%*ER9+50%*ES9 -> 6 | EU9: =RANK(ET9,$ET$4:$ET$40) -> 6 | FD9: 李路 | FE9: 白云松 | FF9: 3个月以上 | FG9: 3 | FH9: 10 | FI9: =40%*FG9+60%*FH9 -> 7.2 | FJ9: =RANK(FI9,$FI$4:$FI$40) -> 6 | FV9: 何方禹 | FW9: 卢星翰 | FY9: 11 | FZ9: 8 | GA9: =50%*FY9+50%*FZ9 -> 9.5 | GB9: =RANK(GA9,$GA$4:$GA$40) -> 6 | GK9: 孟鈃 | GL9: 芦晓辉 | GM9: 3个月以上 | GN9: 3 | GO9: 50 | GP9: =40%*GN9+60%*GO9 -> 31.2 | GQ9: =RANK(GP9,$GP$4:$GP$40) -> 6 | HC9: 何方禹 | HD9: 周丽丽 | HE9: 3个月以上 | HF9: 8 | HG9: 5 | HH9: =50%*HF9+50%*HG9 -> 6.5 | HI9: =RANK(HH9,$HH$4:$HH$40) -> 6 | HR9: 张鑫 | HS9: 冯雅琪 | HT9: 3个月以上 | HU9: 7 | HV9: 10 | HW9: =40%*HU9+60%*HV9 -> 8.8 | HX9: =RANK(HW9,$HW$4:$HW$40) -> 6 | IJ9: 李路 | IK9: 白云松 | IL9: 3个月以上 | IM9: 4 | IO9: 1 | IP9: =IN9/IM9 -> 0 | IQ9: =40%*IM9+30%*IN9+30%*IO9 -> 1.9 | IR9: =RANK(IQ9,$IQ$4:$IQ$40) -> 6 | IT9: 何方禹 | IU9: 周丽丽 | IV9: 3个月以上 | IW9: 1 | IX9: 3 | IY9: =50%*IW9+50%*IX9 -> 2 | IZ9: =RANK(IY9,$IY$4:$IY$40) -> 4 | JB9: 何方禹 | JC9: 卢星翰 | JD9: 3个月以内 | JE9: 9 | JF9: 5 | JH9: =JG9/JE9 -> 0 | JI9: =40%*JE9+30%*JF9+30%*JG9 -> 5.1 | JJ9: =RANK(JI9,$JI$4:$JI$40) -> 6 | JS9: 张鑫 | JT9: 陈彩虹 | JU9: 3个月以上 | JV9: 6 | JW9: 9 | JX9: =50%*JV9+50%*JW9 -> 7.5 | JY9: =RANK(JX9,$JX$4:$JX$40) -> 6 | KL9: 郑家成 | KM9: 孙娟 | KN9: 3个月以上 | KO9: 3 | KQ9: 2 | KR9: =KQ9/KO9 -> 0.66666667 | KS9: =40%*KO9+30%*KP9+30%*KQ9 -> 1.8 | KT9: =RANK(KS9,$KS$4:$KS$39) -> 5 | KV9: 孟鈃 | KW9: 王方方 | KX9: 3个月以上 | KY9: 1 | KZ9: 3 | LA9: =50%*KY9+50%*KZ9 -> 2 | LB9: =RANK(LA9,$LA$4:$LA$39) -> 4 | LD9: 张鑫 | LE9: 李明晖 | LF9: 3个月以上 | LG9: 3 | LH9: 1 | LI9: 1 | LJ9: =LI9/LG9 -> 0.33333333 | LK9: =40%*LG9+30%*LH9+30%*LI9 -> 1.8 | LL9: =RANK(LK9,$LK$4:$LK$39) -> 5 | LN9: 孟鈃 | LO9: 王方方 | LP9: 3个月以上 | LQ9: 1 | LR9: 3 | LS9: =50%*LQ9+50%*LR9 -> 2 | LT9: =RANK(LS9,$LS$4:$LS$39) -> 3 | LV9: 何方禹 | LW9: 周丽丽 | LX9: 3个月以上 | LY9: 3 | LZ9: 1 | MA9: 1 | MB9: =MA9/LY9 -> 0.33333333 | MC9: =40%*LY9+30%*LZ9+30%*MA9 -> 1.8 | MD9: =RANK(MC9,$MC$4:$MC$39) -> 6 | MF9: 李路 | MG9: 王明月 | MH9: 3个月以上 | MI9: 1 | MJ9: 1 | MK9: =50%*MI9+50%*MJ9 -> 1 | ML9: =RANK(MK9,$MK$4:$MK$39) -> 6 | MN9: 李路 | MO9: 白云松 | MP9: 3个月以上 | MQ9: 3 | MR9: 2 | MT9: =MS9/MQ9 -> 0 | MU9: =40%*MQ9+30%*MR9+30%*MS9 -> 1.8 | MV9: =RANK(MU9,$MU$4:$MU$39) -> 6 | MX9: 何方禹 | MY9: 张桂香 | MZ9: 3个月以上 | NA9: 2 | NB9: 2 | NC9: =50%*NA9+50%*NB9 -> 2 | ND9: =RANK(NC9,$NC$4:$NC$39) -> 3 | NF9: 张鑫 | NG9: 李明晖 | NH9: 3个月以上 | NI9: 8 | NJ9: 5 | NK9: 2 | NL9: =NK9/NI9 -> 0.25 | NM9: =40%*NI9+30%*NJ9+30%*NK9 -> 5.3 | NN9: =RANK(NM9,$NM$4:$NM$39) -> 6 | NW9: 李路 | NX9: 白云松 | NY9: 3个月以上 | NZ9: 5 | OA9: 8 | OB9: =50%*NZ9+50%*OA9 -> 6.5 | OC9: =RANK(OB9,$OB$4:$OB$39) -> 6 | OO9: 卜先峰 | OP9: 杨胜运 | OQ9: 3个月以上 | OR9: 3 | OS9: 1 | OT9: 1 | OU9: =OT9/OR9 -> 0.33333333 | OV9: =40%*OR9+30%*OS9+30%*OT9 -> 1.8 | OW9: =RANK(OV9,$OV$4:$OV$39) -> 5 | OY9: 张鑫 | OZ9: 陈彩虹 | PA9: 3个月以上 | PB9: 2 | PC9: 2 | PD9: =50%*PB9+50%*PC9 -> 2 | PE9: =RANK(PD9,$PD$4:$PD$39) -> 6 | PG9: 张鑫 | PH9: 冯雅琪 | PI9: 3个月以上 | PJ9: 3 | PK9: 1 | PL9: 2 | PM9: =PL9/PJ9 -> 0.66666667 | PN9: =40%*PJ9+30%*PK9+30%*PL9 -> 2.1 | PO9: =RANK(PN9,$PN$4:$PN$39) -> 5 | PQ9: 张鑫 | PR9: 李明晖 | PS9: 3个月以上 | PT9: 2 | PU9: 2 | PV9: =50%*PT9+50%*PU9 -> 2 | PW9: =RANK(PV9,$PV$4:$PV$39) -> 5 | PY9: 张鑫 | PZ9: 李明晖 | QA9: 3个月以上 | QB9: 3 | QC9: 1 | QD9: 1 | QE9: =QD9/QB9 -> 0.33333333 | QF9: =40%*QB9+30%*QC9+30%*QD9 -> 1.8 | QG9: =RANK(QF9,$QF$4:$QF$40) -> 6 | QI9: 李路 | QJ9: 白云松 | QK9: 3个月以上 | QL9: 1 | QM9: 2 | QN9: =50%*QL9+50%*QM9 -> 1.5 | QO9: =RANK(QN9,$QN$4:$QN$40) -> 6 | QQ9: 张鑫 | QR9: 李明晖 | QS9: 3个月以上 | QT9: 2 | QU9: 2 | QV9: 1 | QW9: =QV9/QT9 -> 0.5 | QX9: =40%*QT9+30%*QU9+30%*QV9 -> 1.7 | QY9: =RANK(QX9,$QX$4:$QX$40) -> 6 | RA9: 卜先峰 | RB9: 杨胜运 | RC9: 3个月以上 | RD9: 2 | RE9: 3 | RF9: =50%*RD9+50%*RE9 -> 2.5 | RG9: =RANK(RF9,$RF$4:$RF$40) -> 5 | RJ9: 张鑫 | RK9: 陈彩虹 | RL9: 3个月以上 | RM9: 7 | RN9: 5 | RO9: 3 | RP9: 0.42857143 | RQ9: 5.2 | RR9: 6 | SA9: 何方禹 | SB9: 周丽丽 | SC9: 3个月以上 | SD9: 3 | SE9: 14 | SF9: 8.5 | SG9: 6
M10: 张鑫 | N10: 李明晖 | O10: 3个月以上 | P10: 14 | Q10: 6 | R10: =50%*P10+50%*Q10 -> 10 | S10: =RANK(R10,$R$4:$R$39) -> 6 | AB10: 李路 | AC10: 白云松 | AD10: 3个月以上 | AE10: 6 | AF10: 32 | AG10: =50%*AE10+50%*AF10 -> 19 | AH10: =RANK(AG10,$AG$4:$AG$39) -> 7 | AT10: 何方禹 | AU10: 张桂香 | AV10: 3个月以上 | AW10: 7 | AX10: 5 | AY10: =50%*AW10+50%*AX10 -> 6 | AZ10: =RANK(AY10,$AY$4:$AY$40) -> 6 | BI10: 孟鈃 | BJ10: 芦晓辉 | BK10: 3个月以上 | BL10: 3 | BM10: 6 | BN10: =40%*BL10+60%*BM10 -> 4.8 | BO10: =RANK(BN10,$BN$4:$BN$40) -> 7 | CA10: 郑家成 | CB10: 徐燕 | CD10: 10 | CE10: 2 | CF10: =50%*CD10+50%*CE10 -> 6 | CG10: =RANK(CF10,$CF$4:$CF$40) -> 5 | CP10: 张鑫 | CQ10: 陈彩虹 | CR10: 3个月以上 | CS10: 4 | CT10: 7 | CU10: =40%*CS10+60%*CT10 -> 5.8 | CV10: =RANK(CU10,$CU$4:$CU$40) -> 7 | DH10: 何方禹 | DI10: 周丽丽 | DJ10: 3个月以上 | DK10: 6 | DL10: 5 | DM10: =50%*DK10+50%*DL10 -> 5.5 | DN10: =RANK(DM10,$DM$4:$DM$39) -> 7 | DW10: 张鑫 | DX10: 李明晖 | DY10: 3个月以上 | DZ10: 6 | EA10: 9 | EB10: =40%*DZ10+60%*EA10 -> 7.8 | EC10: =RANK(EB10,$EB$4:$EB$39) -> 7 | EO10: 李路 | EP10: 白云松 | EQ10: 3个月以上 | ER10: 9 | ES10: 3 | ET10: =50%*ER10+50%*ES10 -> 6 | EU10: =RANK(ET10,$ET$4:$ET$40) -> 6 | FD10: 张鑫 | FE10: 陈彩虹 | FF10: 3个月以上 | FG10: 5 | FH10: 8 | FI10: =40%*FG10+60%*FH10 -> 6.8 | FJ10: =RANK(FI10,$FI$4:$FI$40) -> 7 | FV10: 李路 | FW10: 白云松 | FX10: 3个月以上 | FY10: 12 | FZ10: 7 | GA10: =50%*FY10+50%*FZ10 -> 9.5 | GB10: =RANK(GA10,$GA$4:$GA$40) -> 6 | GK10: 李路 | GL10: 白云松 | GM10: 3个月以上 | GN10: 7 | GO10: 42 | GP10: =40%*GN10+60%*GO10 -> 28 | GQ10: =RANK(GP10,$GP$4:$GP$40) -> 7 | HC10: 张鑫 | HD10: 李明晖 | HE10: 3个月以上 | HF10: 7 | HG10: 4 | HH10: =50%*HF10+50%*HG10 -> 5.5 | HI10: =RANK(HH10,$HH$4:$HH$40) -> 7 | HR10: 李路 | HS10: 王明月 | HT10: 3个月以上 | HU10: 6 | HV10: 7 | HW10: =40%*HU10+60%*HV10 -> 6.6 | HX10: =RANK(HW10,$HW$4:$HW$40) -> 7 | IJ10: 何方禹 | IK10: 卢星翰 | IL10: 3个月以内 | IM10: 3 | IO10: 2 | IP10: =IN10/IM10 -> 0 | IQ10: =40%*IM10+30%*IN10+30%*IO10 -> 1.8 | IR10: =RANK(IQ10,$IQ$4:$IQ$40) -> 7 | IT10: 孟鈃 | IU10: 王方方 | IV10: 3个月以上 | IW10: 1 | IX10: 3 | IY10: =50%*IW10+50%*IX10 -> 2 | IZ10: =RANK(IY10,$IY$4:$IY$40) -> 4 | JB10: 李路 | JC10: 王明月 | JD10: 3个月以上 | JE10: 9 | JF10: 4 | JG10: 1 | JH10: =JG10/JE10 -> 0.11111111 | JI10: =40%*JE10+30%*JF10+30%*JG10 -> 5.1 | JJ10: =RANK(JI10,$JI$4:$JI$40) -> 6 | JS10: 孟鈃 | JT10: 芦晓辉 | JU10: 3个月以上 | JV10: 3 | JW10: 11 | JX10: =50%*JV10+50%*JW10 -> 7 | JY10: =RANK(JX10,$JX$4:$JX$40) -> 7 | KL10: 张鑫 | KM10: 陈彩虹 | KN10: 3个月以上 | KO10: 3 | KP10: 1 | KQ10: 1 | KR10: =KQ10/KO10 -> 0.33333333 | KS10: =40%*KO10+30%*KP10+30%*KQ10 -> 1.8 | KT10: =RANK(KS10,$KS$4:$KS$39) -> 5 | KV10: 孟鈃 | KW10: 芦晓辉 | KX10: 3个月以上 | KY10: 1 | KZ10: 3 | LA10: =50%*KY10+50%*KZ10 -> 2 | LB10: =RANK(LA10,$LA$4:$LA$39) -> 4 | LD10: 张鑫 | LE10: 陈彩虹 | LF10: 3个月以上 | LG10: 2 | LH10: 2 | LI10: 1 | LJ10: =LI10/LG10 -> 0.5 | LK10: =40%*LG10+30%*LH10+30%*LI10 -> 1.7 | LL10: =RANK(LK10,$LK$4:$LK$39) -> 7 | LN10: 孟鈃 | LO10: 李雪茹 | LP10: 3个月以内 | LQ10: 1 | LR10: 3 | LS10: =50%*LQ10+50%*LR10 -> 2 | LT10: =RANK(LS10,$LS$4:$LS$39) -> 3 | LV10: 张鑫 | LW10: 冯雅琪 | LX10: 3个月以上 | LY10: 3 | LZ10: 1 | MA10: 1 | MB10: =MA10/LY10 -> 0.33333333 | MC10: =40%*LY10+30%*LZ10+30%*MA10 -> 1.8 | MD10: =RANK(MC10,$MC$4:$MC$39) -> 6 | MF10: 郑家成 | MG10: 孙娟 | MH10: 3个月以上 | MI10: 1 | MJ10: 1 | MK10: =50%*MI10+50%*MJ10 -> 1 | ML10: =RANK(MK10,$MK$4:$MK$39) -> 6 | MN10: 张鑫 | MO10: 冯雅琪 | MP10: 3个月以上 | MQ10: 3 | MR10: 1 | MS10: 1 | MT10: =MS10/MQ10 -> 0.33333333 | MU10: =40%*MQ10+30%*MR10+30%*MS10 -> 1.8 | MV10: =RANK(MU10,$MU$4:$MU$39) -> 6 | MX10: 孟鈃 | MY10: 芦晓辉 | MZ10: 3个月以上 | NA10: 1 | NB10: 3 | NC10: =50%*NA10+50%*NB10 -> 2 | ND10: =RANK(NC10,$NC$4:$NC$39) -> 3 | NF10: 何方禹 | NG10: 卢星翰 | NH10: 3个月以内 | NI10: 9 | NJ10: 5 | NL10: =NK10/NI10 -> 0 | NM10: =40%*NI10+30%*NJ10+30%*NK10 -> 5.1 | NN10: =RANK(NM10,$NM$4:$NM$39) -> 7 | NW10: 孟鈃 | NX10: 王方方 | NY10: 3个月以上 | NZ10: 2 | OA10: 11 | OB10: =50%*NZ10+50%*OA10 -> 6.5 | OC10: =RANK(OB10,$OB$4:$OB$39) -> 6 | OO10: 李路 | OP10: 白云松 | OQ10: 3个月以上 | OR10: 2 | OS10: 2 | OT10: 1 | OU10: =OT10/OR10 -> 0.5 | OV10: =40%*OR10+30%*OS10+30%*OT10 -> 1.7 | OW10: =RANK(OV10,$OV$4:$OV$39) -> 7 | OY10: 何方禹 | OZ10: 卢星翰 | PA10: 3个月以内 | PB10: 1 | PC10: 3 | PD10: =50%*PB10+50%*PC10 -> 2 | PE10: =RANK(PD10,$PD$4:$PD$39) -> 6 | PG10: 何方禹 | PH10: 张桂香 | PI10: 3个月以上 | PJ10: 3 | PK10: 2 | PL10: 1 | PM10: =PL10/PJ10 -> 0.33333333 | PN10: =40%*PJ10+30%*PK10+30%*PL10 -> 2.1 | PO10: =RANK(PN10,$PN$4:$PN$39) -> 5 | PQ10: 李路 | PR10: 白云松 | PS10: 3个月以上 | PT10: 2 | PU10: 2 | PV10: =50%*PT10+50%*PU10 -> 2 | PW10: =RANK(PV10,$PV$4:$PV$39) -> 5 | PY10: 张鑫 | PZ10: 陈彩虹 | QA10: 3个月以上 | QB10: 3 | QC10: 1 | QD10: 1 | QE10: =QD10/QB10 -> 0.33333333 | QF10: =40%*QB10+30%*QC10+30%*QD10 -> 1.8 | QG10: =RANK(QF10,$QF$4:$QF$40) -> 6 | QI10: 张鑫 | QJ10: 冯雅琪 | QK10: 3个月以上 | QL10: 1 | QM10: 1 | QN10: =50%*QL10+50%*QM10 -> 1 | QO10: =RANK(QN10,$QN$4:$QN$40) -> 7 | QQ10: 何方禹 | QR10: 张桂香 | QS10: 3个月以上 | QT10: 2 | QU10: 2 | QV10: 1 | QW10: =QV10/QT10 -> 0.5 | QX10: =40%*QT10+30%*QU10+30%*QV10 -> 1.7 | QY10: =RANK(QX10,$QX$4:$QX$40) -> 6 | RA10: 郑家成 | RB10: 缪苏琴 | RC10: 3个月以上 | RD10: 1 | RE10: 4 | RF10: =50%*RD10+50%*RE10 -> 2.5 | RG10: =RANK(RF10,$RF$4:$RF$40) -> 5 | RJ10: 卜先峰 | RK10: 杨胜运 | RL10: 3个月以上 | RM10: 8 | RN10: 4 | RO10: 1 | RP10: 0.125 | RQ10: 4.7 | RR10: 7 | SA10: 李路 | SB10: 白云松 | SC10: 3个月以上 | SD10: 4 | SE10: 11 | SF10: 7.5 | SG10: 7
D11: 1.65 | E11: 100 | F11: 194 | G11: 100 | M11: 李路 | N11: 公茂伟 | O11: 3个月以上 | P11: 12 | Q11: 8 | R11: =50%*P11+50%*Q11 -> 10 | S11: =RANK(R11,$R$4:$R$39) -> 6 | U11: 纬度2：计算规则：50%处方客户数+50%3M客户数 | Y11: 6月 | AB11: 张鑫 | AC11: 冯雅琪 | AD11: 3个月以上 | AE11: 7 | AF11: 29 | AG11: =50%*AE11+50%*AF11 -> 18 | AH11: =RANK(AG11,$AG$4:$AG$39) -> 8 | AJ11: 纬度2：计算规则：50%3M客户数+50%3M提及数 | AN11: 6月 | AT11: 李路 | AU11: 白云松 | AV11: 3个月以上 | AW11: 8 | AX11: 3 | AY11: =50%*AW11+50%*AX11 -> 5.5 | AZ11: =RANK(AY11,$AY$4:$AY$40) -> 8 | BB11: 纬度2：计算规则：50%处方客户数+50%3M客户数 | BF11: 7月第1周 | BI11: 何方禹 | BJ11: 杜研 | BK11: 3个月以内 | BL11: 4 | BM11: 4 | BN11: =40%*BL11+60%*BM11 -> 4 | BO11: =RANK(BN11,$BN$4:$BN$40) -> 8 | BQ11: 纬度2：计算规则：50%3M客户数+50%3M提及数 | BU11: 7月第1周 | CA11: 何方禹 | CB11: 卢星翰 | CD11: 7 | CE11: 4 | CF11: =50%*CD11+50%*CE11 -> 5.5 | CG11: =RANK(CF11,$CF$4:$CF$40) -> 8 | CI11: 纬度2：计算规则：50%处方客户数+50%3M客户数 | CM11: 7月第2周 | CP11: 张鑫 | CQ11: 李明晖 | CR11: 3个月以上 | CS11: 4 | CT11: 7 | CU11: =40%*CS11+60%*CT11 -> 5.8 | CV11: =RANK(CU11,$CU$4:$CU$40) -> 7 | CX11: 纬度2：计算规则：50%3M客户数+50%3M提及数 | DB11: 7月第2周 | DH11: 何方禹 | DI11: 杜研 | DJ11: 3个月以内 | DK11: 8 | DL11: 3 | DM11: =50%*DK11+50%*DL11 -> 5.5 | DN11: =RANK(DM11,$DM$4:$DM$39) -> 7 | DP11: 纬度2：计算规则：50%处方客户数+50%3M客户数 | DT11: 7月第3周 | DW11: 李路 | DX11: 白云松 | DY11: 3个月以上 | DZ11: 4 | EA11: 9 | EB11: =40%*DZ11+60%*EA11 -> 7 | EC11: =RANK(EB11,$EB$4:$EB$39) -> 8 | EE11: 纬度2：计算规则：50%3M客户数+50%3M提及数 | EI11: 7月第3周 | EO11: 张鑫 | EP11: 李明晖 | EQ11: 3个月以上 | ER11: 7 | ES11: 5 | ET11: =50%*ER11+50%*ES11 -> 6 | EU11: =RANK(ET11,$ET$4:$ET$40) -> 6 | EW11: 纬度2：计算规则：50%处方客户数+50%3M客户数 | FA11: 7月第4周 | FD11: 孟鈃 | FE11: 芦晓辉 | FF11: 3个月以上 | FG11: 2 | FH11: 10 | FI11: =40%*FG11+60%*FH11 -> 6.8 | FJ11: =RANK(FI11,$FI$4:$FI$40) -> 7 | FL11: 纬度2：计算规则：50%3M客户数+50%3M提及数 | FP11: 7月第4周 | FV11: 张鑫 | FW11: 李明晖 | FX11: 3个月以上 | FY11: 11 | FZ11: 7 | GA11: =50%*FY11+50%*FZ11 -> 9 | GB11: =RANK(GA11,$GA$4:$GA$40) -> 8 | GD11: 纬度2：计算规则：50%处方客户数+50%3M客户数 | GH11: 7月 | GK11: 张鑫 | GL11: 陈彩虹 | GM11: 3个月以上 | GN11: 9 | GO11: 37 | GP11: =40%*GN11+60%*GO11 -> 25.8 | GQ11: =RANK(GP11,$GP$4:$GP$40) -> 8 | GS11: 纬度2：计算规则：50%3M客户数+50%3M提及数 | GW11: 7月 | HC11: 张鑫 | HD11: 鲁景霄 | HE11: 3个月以上 | HF11: 7 | HG11: 4 | HH11: =50%*HF11+50%*HG11 -> 5.5 | HI11: =RANK(HH11,$HH$4:$HH$40) -> 7 | HK11: 纬度2：计算规则：50%处方客户数+50%3M客户数 | HO11: 8月第1周 | HR11: 张鑫 | HS11: 陈彩虹 | HT11: 3个月以上 | HU11: 6 | HV11: 7 | HW11: =40%*HU11+60%*HV11 -> 6.6 | HX11: =RANK(HW11,$HW$4:$HW$40) -> 7 | HZ11: 纬度2：计算规则：50%3M客户数+50%3M提及数 | ID11: 8月第1周 | IJ11: 张鑫 | IK11: 陈彩虹 | IL11: 3个月以上 | IM11: 2 | IN11: 1 | IO11: 2 | IP11: =IN11/IM11 -> 0.5 | IQ11: =40%*IM11+30%*IN11+30%*IO11 -> 1.7 | IR11: =RANK(IQ11,$IQ$4:$IQ$40) -> 8 | IT11: 孟鈃 | IU11: 芦晓辉 | IV11: 3个月以上 | IW11: 1 | IX11: 3 | IY11: =50%*IW11+50%*IX11 -> 2 | IZ11: =RANK(IY11,$IY$4:$IY$40) -> 4 | JB11: 郑家成 | JC11: 孙娟 | JD11: 3个月以上 | JE11: 8 | JF11: 2 | JG11: 3 | JH11: =JG11/JE11 -> 0.375 | JI11: =40%*JE11+30%*JF11+30%*JG11 -> 4.7 | JJ11: =RANK(JI11,$JI$4:$JI$40) -> 8 | JL11: 纬度2：计算规则：50%处方客户数+50%3M客户数 | JP11: 8月第2周 | JS11: 李路 | JT11: 白云松 | JU11: 3个月以上 | JV11: 4 | JW11: 8 | JX11: =50%*JV11+50%*JW11 -> 6 | JY11: =RANK(JX11,$JX$4:$JX$40) -> 8 | KA11: 纬度2：计算规则：50%3M客户数+50%3M提及数 | KE11: 8月第2周 | KL11: 何方禹 | KM11: 杜研 | KN11: 3个月以上 | KO11: 3 | KP11: 1 | KQ11: 1 | KR11: =KQ11/KO11 -> 0.33333333 | KS11: =40%*KO11+30%*KP11+30%*KQ11 -> 1.8 | KT11: =RANK(KS11,$KS$4:$KS$39) -> 5 | KV11: 李路 | KW11: 白云松 | KX11: 3个月以上 | KY11: 1 | KZ11: 1 | LA11: =50%*KY11+50%*KZ11 -> 1 | LB11: =RANK(LA11,$LA$4:$LA$39) -> 8 | LD11: 郑家成 | LE11: 徐燕 | LF11: 3个月以内 | LG11: 3 | LH11: 1 | LJ11: =LI11/LG11 -> 0 | LK11: =40%*LG11+30%*LH11+30%*LI11 -> 1.5 | LL11: =RANK(LK11,$LK$4:$LK$39) -> 8 | LN11: 何方禹 | LO11: 周丽丽 | LP11: 3个月以上 | LQ11: 1 | LR11: 2 | LS11: =50%*LQ11+50%*LR11 -> 1.5 | LT11: =RANK(LS11,$LS$4:$LS$39) -> 8 | LV11: 张鑫 | LW11: 李明晖 | LX11: 3个月以上 | LY11: 3 | LZ11: 1 | MA11: 1 | MB11: =MA11/LY11 -> 0.33333333 | MC11: =40%*LY11+30%*LZ11+30%*MA11 -> 1.8 | MD11: =RANK(MC11,$MC$4:$MC$39) -> 6 | MF11: 李路 | MG11: 白云松 | MH11: 3个月以上 | MI11: 1 | MJ11: 1 | MK11: =50%*MI11+50%*MJ11 -> 1 | ML11: =RANK(MK11,$MK$4:$MK$39) -> 6 | MN11: 何方禹 | MO11: 张桂香 | MP11: 3个月以上 | MQ11: 2 | MR11: 2 | MS11: 1 | MT11: =MS11/MQ11 -> 0.5 | MU11: =40%*MQ11+30%*MR11+30%*MS11 -> 1.7 | MV11: =RANK(MU11,$MU$4:$MU$39) -> 8 | MX11: 张鑫 | MY11: 陈彩虹 | MZ11: 3个月以上 | NA11: 2 | NB11: 2 | NC11: =50%*NA11+50%*NB11 -> 2 | ND11: =RANK(NC11,$NC$4:$NC$39) -> 3 | NF11: 孟鈃 | NG11: 章智程 | NH11: 3个月以上 | NI11: 7 | NJ11: 5 | NK11: 2 | NL11: =NK11/NI11 -> 0.28571429 | NM11: =40%*NI11+30%*NJ11+30%*NK11 -> 4.9 | NN11: =RANK(NM11,$NM$4:$NM$39) -> 8 | NP11: 纬度2：计算规则：50%处方客户数+50%3M客户数 | NT11: 8月第3周 | NW11: 何方禹 | NX11: 张桂香 | NY11: 3个月以上 | NZ11: 2 | OA11: 11 | OB11: =50%*NZ11+50%*OA11 -> 6.5 | OC11: =RANK(OB11,$OB$4:$OB$39) -> 6 | OE11: 纬度2：计算规则：50%3M客户数+50%3M提及数 | OI11: 8月第3周 | OO11: 何方禹 | OP11: 张桂香 | OQ11: 3个月以上 | OR11: 2 | OS11: 2 | OT11: 1 | OU11: =OT11/OR11 -> 0.5 | OV11: =40%*OR11+30%*OS11+30%*OT11 -> 1.7 | OW11: =RANK(OV11,$OV$4:$OV$39) -> 7 | OY11: 孟鈃 | OZ11: 芦晓辉 | PA11: 3个月以上 | PB11: 1 | PC11: 3 | PD11: =50%*PB11+50%*PC11 -> 2 | PE11: =RANK(PD11,$PD$4:$PD$39) -> 6 | PG11: 张鑫 | PH11: 陈彩虹 | PI11: 3个月以上 | PJ11: 3 | PK11: 1 | PL11: 1 | PM11: =PL11/PJ11 -> 0.33333333 | PN11: =40%*PJ11+30%*PK11+30%*PL11 -> 1.8 | PO11: =RANK(PN11,$PN$4:$PN$39) -> 8 | PQ11: 孟鈃 | PR11: 章智程 | PS11: 3个月以上 | PT11: 2 | PU11: 2 | PV11: =50%*PT11+50%*PU11 -> 2 | PW11: =RANK(PV11,$PV$4:$PV$39) -> 5 | PY11: 何方禹 | PZ11: 周丽丽 | QA11: 3个月以上 | QB11: 2 | QC11: 2 | QD11: 1 | QE11: =QD11/QB11 -> 0.5 | QF11: =40%*QB11+30%*QC11+30%*QD11 -> 1.7 | QG11: =RANK(QF11,$QF$4:$QF$40) -> 8 | QI11: 郑家成 | QJ11: 孙娟 | QK11: 3个月以上 | QL11: 1 | QM11: 1 | QN11: =50%*QL11+50%*QM11 -> 1 | QO11: =RANK(QN11,$QN$4:$QN$40) -> 7 | QQ11: 卜先峰 | QR11: 杨胜运 | QS11: 3个月以上 | QT11: 2 | QU11: 2 | QV11: 1 | QW11: =QV11/QT11 -> 0.5 | QX11: =40%*QT11+30%*QU11+30%*QV11 -> 1.7 | QY11: =RANK(QX11,$QX$4:$QX$40) -> 6 | RA11: 张鑫 | RB11: 李明晖 | RC11: 3个月以上 | RD11: 2 | RE11: 2 | RF11: =50%*RD11+50%*RE11 -> 2 | RG11: =RANK(RF11,$RF$4:$RF$40) -> 8 | RJ11: 何方禹 | RK11: 周丽丽 | RL11: 3个月以上 | RM11: 7 | RN11: 3 | RO11: 3 | RP11: 0.42857143 | RQ11: 4.6 | RR11: 8 | RT11: 纬度2：计算规则：50%处方客户数+50%3M客户数 | RX11: 8月第4周 | SA11: 张鑫 | SB11: 陈彩虹 | SC11: 3个月以上 | SD11: 5 | SE11: 8 | SF11: 6.5 | SG11: 8 | SI11: 纬度2：计算规则：50%3M客户数+50%3M提及数 | SM11: 8月第4周
A12: MICS | B12: 入职划分 | C12: 破冰客户数 | D12: 破冰率 | E12: 辅助列 | F12: 3M提及数 | G12: 辅助列 | H12: 计算 | M12: 郑家成 | N12: 孙娟 | O12: 3个月以上 | P12: 14 | Q12: 6 | R12: =50%*P12+50%*Q12 -> 10 | S12: =RANK(R12,$R$4:$R$39) -> 6 | U12: DM | V12: 处方客户数 | W12: 3M客户数 | X12: 计算 | Y12: 排名 | AB12: 李路 | AC12: 王禹 | AD12: 3个月以上 | AE12: 9 | AF12: 23 | AG12: =50%*AE12+50%*AF12 -> 16 | AH12: =RANK(AG12,$AG$4:$AG$39) -> 9 | AJ12: DM | AK12: 3M客户数 | AL12: 3M提及数 | AM12: 计算 | AN12: 排名 | AT12: 何方禹 | AU12: 周丽丽 | AV12: 3个月以上 | AW12: 7 | AX12: 4 | AY12: =50%*AW12+50%*AX12 -> 5.5 | AZ12: =RANK(AY12,$AY$4:$AY$40) -> 8 | BB12: DM | BC12: 处方客户数 | BD12: 3M客户数 | BE12: 计算 | BF12: 排名 | BI12: 张鑫 | BJ12: 冯雅琪 | BK12: 3个月以上 | BL12: 3 | BM12: 3 | BN12: =40%*BL12+60%*BM12 -> 3 | BO12: =RANK(BN12,$BN$4:$BN$40) -> 9 | BQ12: DM | BR12: 3M客户数 | BS12: 3M提及数 | BT12: 计算 | BU12: 排名 | CA12: 何方禹 | CB12: 周丽丽 | CC12: 3个月以上 | CD12: 8 | CE12: 3 | CF12: =50%*CD12+50%*CE12 -> 5.5 | CG12: =RANK(CF12,$CF$4:$CF$40) -> 8 | CI12: DM | CJ12: 处方客户数 | CK12: 3M客户数 | CL12: 计算 | CM12: 排名 | CP12: 张鑫 | CQ12: 冯雅琪 | CR12: 3个月以上 | CS12: 3 | CT12: 7 | CU12: =40%*CS12+60%*CT12 -> 5.4 | CV12: =RANK(CU12,$CU$4:$CU$40) -> 9 | CX12: DM | CY12: 3M客户数 | CZ12: 3M提及数 | DA12: 计算 | DB12: 排名 | DH12: 孟鈃 | DI12: 王方方 | DJ12: 3个月以上 | DK12: 7 | DL12: 3 | DM12: =50%*DK12+50%*DL12 -> 5 | DN12: =RANK(DM12,$DM$4:$DM$39) -> 9 | DP12: DM | DQ12: 处方客户数 | DR12: 3M客户数 | DS12: 计算 | DT12: 排名 | DW12: 孟鈃 | DX12: 芦晓辉 | DY12: 3个月以上 | DZ12: 2 | EA12: 9 | EB12: =40%*DZ12+60%*EA12 -> 6.2 | EC12: =RANK(EB12,$EB$4:$EB$39) -> 9 | EE12: DM | EF12: 3M客户数 | EG12: 3M提及数 | EH12: 计算 | EI12: 排名 | EO12: 李路 | EP12: 公茂伟 | EQ12: 3个月以上 | ER12: 7 | ES12: 4 | ET12: =50%*ER12+50%*ES12 -> 5.5 | EU12: =RANK(ET12,$ET$4:$ET$40) -> 9 | EW12: DM | EX12: 处方客户数 | EY12: 3M客户数 | EZ12: 计算 | FA12: 排名 | FD12: 张鑫 | FE12: 李明晖 | FF12: 3个月以上 | FG12: 5 | FH12: 6 | FI12: =40%*FG12+60%*FH12 -> 5.6 | FJ12: =RANK(FI12,$FI$4:$FI$40) -> 9 | FL12: DM | FM12: 3M客户数 | FN12: 3M提及数 | FO12: 计算 | FP12: 排名 | FV12: 张鑫 | FW12: 鲁景霄 | FX12: 3个月以上 | FY12: 12 | FZ12: 6 | GA12: =50%*FY12+50%*FZ12 -> 9 | GB12: =RANK(GA12,$GA$4:$GA$40) -> 8 | GD12: DM | GE12: 处方客户数 | GF12: 3M客户数 | GG12: 计算 | GH12: 排名 | GK12: 张鑫 | GL12: 李明晖 | GM12: 3个月以上 | GN12: 7 | GO12: 32 | GP12: =40%*GN12+60%*GO12 -> 22 | GQ12: =RANK(GP12,$GP$4:$GP$40) -> 9 | GS12: DM | GT12: 3M客户数 | GU12: 3M提及数 | GV12: 计算 | GW12: 排名 | HC12: 何方禹 | HD12: 黄义杰 | HE12: 3个月以上 | HF12: 8 | HG12: 3 | HH12: =50%*HF12+50%*HG12 -> 5.5 | HI12: =RANK(HH12,$HH$4:$HH$40) -> 7 | HK12: DM | HL12: 处方客户数 | HM12: 3M客户数 | HN12: 计算 | HO12: 排名 | HR12: 李路 | HS12: 白云松 | HT12: 3个月以上 | HU12: 3 | HV12: 8 | HW12: =40%*HU12+60%*HV12 -> 6 | HX12: =RANK(HW12,$HW$4:$HW$40) -> 9 | HZ12: DM | IA12: 3M客户数 | IB12: 3M提及数 | IC12: 计算 | ID12: 排名 | IJ12: 何方禹 | IK12: 张桂香 | IL12: 3个月以上 | IM12: 2 | IN12: 1 | IO12: 2 | IP12: =IN12/IM12 -> 0.5 | IQ12: =40%*IM12+30%*IN12+30%*IO12 -> 1.7 | IR12: =RANK(IQ12,$IQ$4:$IQ$40) -> 8 | IT12: 郑家成 | IU12: 缪苏琴 | IV12: 3个月以上 | IW12: 1 | IX12: 3 | IY12: =50%*IW12+50%*IX12 -> 2 | IZ12: =RANK(IY12,$IY$4:$IY$40) -> 4 | JB12: 张鑫 | JC12: 鲁景霄 | JD12: 3个月以上 | JE12: 7 | JF12: 4 | JG12: 1 | JH12: =JG12/JE12 -> 0.14285714 | JI12: =40%*JE12+30%*JF12+30%*JG12 -> 4.3 | JJ12: =RANK(JI12,$JI$4:$JI$40) -> 9 | JL12: DM | JM12: 处方客户数 | JN12: 3M客户数 | JO12: 计算 | JP12: 排名 | JS12: 张鑫 | JT12: 李明晖 | JU12: 3个月以上 | JV12: 3 | JW12: 8 | JX12: =50%*JV12+50%*JW12 -> 5.5 | JY12: =RANK(JX12,$JX$4:$JX$40) -> 9 | KA12: DM | KB12: 3M客户数 | KC12: 3M提及数 | KD12: 计算 | KE12: 排名 | KL12: 张鑫 | KM12: 冯雅琪 | KN12: 3个月以上 | KO12: 2 | KP12: 2 | KQ12: 1 | KR12: =KQ12/KO12 -> 0.5 | KS12: =40%*KO12+30%*KP12+30%*KQ12 -> 1.7 | KT12: =RANK(KS12,$KS$4:$KS$39) -> 9 | KV12: 卜先峰 | KW12: 许恺丽 | KX12: 3个月以上 | KY12: 1 | KZ12: 1 | LA12: =50%*KY12+50%*KZ12 -> 1 | LB12: =RANK(LA12,$LA$4:$LA$39) -> 8 | LD12: 郑家成 | LE12: 孙娟 | LF12: 3个月以上 | LG12: 2 | LH12: 1 | LI12: 1 | LJ12: =LI12/LG12 -> 0.5 | LK12: =40%*LG12+30%*LH12+30%*LI12 -> 1.4 | LL12: =RANK(LK12,$LK$4:$LK$39) -> 9 | LN12: 张鑫 | LO12: 冯雅琪 | LP12: 3个月以上 | LQ12: 1 | LR12: 1 | LS12: =50%*LQ12+50%*LR12 -> 1 | LT12: =RANK(LS12,$LS$4:$LS$39) -> 9 | LV12: 张鑫 | LW12: 陈彩虹 | LX12: 3个月以上 | LY12: 3 | LZ12: 2 | MB12: =MA12/LY12 -> 0 | MC12: =40%*LY12+30%*LZ12+30%*MA12 -> 1.8 | MD12: =RANK(MC12,$MC$4:$MC$39) -> 6 | MF12: 张鑫 | MG12: 冯雅琪 | MH12: 3个月以上 | MI12: 1 | MJ12: 1 | MK12: =50%*MI12+50%*MJ12 -> 1 | ML12: =RANK(MK12,$MK$4:$MK$39) -> 6 | MN12: 郑家成 | MO12: 孙娟 | MP12: 3个月以上 | MQ12: 2 | MR12: 1 | MS12: 1 | MT12: =MS12/MQ12 -> 0.5 | MU12: =40%*MQ12+30%*MR12+30%*MS12 -> 1.4 | MV12: =RANK(MU12,$MU$4:$MU$39) -> 9 | MX12: 孟鈃 | MY12: 王方方 | MZ12: 3个月以上 | NA12: 1 | NB12: 3 | NC12: =50%*NA12+50%*NB12 -> 2 | ND12: =RANK(NC12,$NC$4:$NC$39) -> 3 | NF12: 孟鈃 | NG12: 芦晓辉 | NH12: 3个月以上 | NI12: 7 | NJ12: 3 | NK12: 3 | NL12: =NK12/NI12 -> 0.42857143 | NM12: =40%*NI12+30%*NJ12+30%*NK12 -> 4.6 | NN12: =RANK(NM12,$NM$4:$NM$39) -> 9 | NP12: DM | NQ12: 处方客户数 | NR12: 3M客户数 | NS12: 计算 | NT12: 排名 | NW12: 张鑫 | NX12: 李明晖 | NY12: 3个月以上 | NZ12: 5 | OA12: 7 | OB12: =50%*NZ12+50%*OA12 -> 6 | OC12: =RANK(OB12,$OB$4:$OB$39) -> 9 | OE12: DM | OF12: 3M客户数 | OG12: 3M提及数 | OH12: 计算 | OI12: 排名 | OO12: 张鑫 | OP12: 陈彩虹 | OQ12: 3个月以上 | OR12: 2 | OS12: 2 | OT12: 1 | OU12: =OT12/OR12 -> 0.5 | OV12: =40%*OR12+30%*OS12+30%*OT12 -> 1.7 | OW12: =RANK(OV12,$OV$4:$OV$39) -> 7 | OY12: 李路 | OZ12: 王明月 | PA12: 3个月以上 | PB12: 1 | PC12: 1 | PD12: =50%*PB12+50%*PC12 -> 1 | PE12: =RANK(PD12,$PD$4:$PD$39) -> 9 | PG12: 孟鈃 | PH12: 芦晓辉 | PI12: 3个月以上 | PJ12: 3 | PK12: 1 | PL12: 1 | PM12: =PL12/PJ12 -> 0.33333333 | PN12: =40%*PJ12+30%*PK12+30%*PL12 -> 1.8 | PO12: =RANK(PN12,$PN$4:$PN$39) -> 8 | PQ12: 孟鈃 | PR12: 王方方 | PS12: 3个月以上 | PT12: 1 | PU12: 2 | PV12: =50%*PT12+50%*PU12 -> 1.5 | PW12: =RANK(PV12,$PV$4:$PV$39) -> 9 | PY12: 何方禹 | PZ12: 张桂香 | QA12: 3个月以上 | QB12: 2 | QC12: 2 | QD12: 1 | QE12: =QD12/QB12 -> 0.5 | QF12: =40%*QB12+30%*QC12+30%*QD12 -> 1.7 | QG12: =RANK(QF12,$QF$4:$QF$40) -> 8 | QI12: 李路 | QJ12: 王明月 | QK12: 3个月以上 | QL12: 1 | QM12: 1 | QN12: =50%*QL12+50%*QM12 -> 1 | QO12: =RANK(QN12,$QN$4:$QN$40) -> 7 | QQ12: 何方禹 | QR12: 黄义杰 | QS12: 3个月以上 | QT12: 3 | QU12: 1 | QW12: =QV12/QT12 -> 0 | QX12: =40%*QT12+30%*QU12+30%*QV12 -> 1.5 | QY12: =RANK(QX12,$QX$4:$QX$40) -> 9 | RA12: 张鑫 | RB12: 冯雅琪 | RC12: 3个月以上 | RD12: 2 | RE12: 2 | RF12: =50%*RD12+50%*RE12 -> 2 | RG12: =RANK(RF12,$RF$4:$RF$40) -> 8 | RJ12: 何方禹 | RK12: 杜研 | RL12: 3个月以上 | RM12: 9 | RN12: 2 | RO12: 1 | RP12: 0.11111111 | RQ12: 4.5 | RR12: 9 | RT12: DM | RU12: 处方客户数 | RV12: 3M客户数 | RW12: 计算 | RX12: 排名 | SA12: 卜先峰 | SB12: 杨胜运 | SC12: 3个月以上 | SD12: 4 | SE12: 7 | SF12: 5.5 | SG12: 9 | SI12: DM | SJ12: 3M客户数 | SK12: 3M提及数 | SL12: 计算 | SM12: 排名
A13: 张云 | B13: 3个月以上 | C13: 33 | D13: =C13/20 -> 1.65 | E13: =D13/$D$11*100 -> 100 | F13: 113 | G13: =F13/$F$11*100 -> 58.247423 | H13: =60%*E13+40%*G13 -> 83.298969 | M13: 何方禹 | N13: 卢星翰 | P13: 13 | Q13: 6 | R13: =50%*P13+50%*Q13 -> 9.5 | S13: =RANK(R13,$R$4:$R$39) -> 10 | U13: 张鑫 | V13: 96 | W13: 47 | X13: =50%*V13+50%*W13 -> 71.5 | Y13: =RANK(X13,$X$13:$X$18) -> 1 | AB13: 何方禹 | AC13: 杜研 | AD13: 3个月以内 | AE13: 5 | AF13: 27 | AG13: =50%*AE13+50%*AF13 -> 16 | AH13: =RANK(AG13,$AG$4:$AG$39) -> 9 | AJ13: 何方禹 | AK13: 37 | AL13: 271 | AM13: =50%*AK13+50%*AL13 -> 154 | AN13: =RANK(AM13,$AM$13:$AM$18) -> 1 | AT13: 孟鈃 | AU13: 王方方 | AV13: 3个月以上 | AW13: 7 | AX13: 3 | AY13: =50%*AW13+50%*AX13 -> 5 | AZ13: =RANK(AY13,$AY$4:$AY$40) -> 10 | BB13: 张鑫 | BC13: 44 | BD13: 17 | BE13: =50%*BC13+50%*BD13 -> 30.5 | BF13: =RANK(BE13,$BE$13:$BE$18) -> 1 | BI13: 李路 | BJ13: 王明月 | BK13: 3个月以上 | BL13: 3 | BM13: 3 | BN13: =40%*BL13+60%*BM13 -> 3 | BO13: =RANK(BN13,$BN$4:$BN$40) -> 9 | BQ13: 何方禹 | BR13: 18 | BS13: 39 | BT13: =50%*BR13+50%*BS13 -> 28.5 | BU13: =RANK(BT13,$BT$13:$BT$18) -> 1 | CA13: 孟鈃 | CB13: 王方方 | CC13: 3个月以上 | CD13: 9 | CE13: 2 | CF13: =50%*CD13+50%*CE13 -> 5.5 | CG13: =RANK(CF13,$CF$4:$CF$40) -> 8 | CI13: 张鑫 | CJ13: 55 | CK13: 23 | CL13: =50%*CJ13+50%*CK13 -> 39 | CM13: =RANK(CL13,$CL$13:$CL$18) -> 1 | CP13: 何方禹 | CQ13: 杜研 | CR13: 3个月以内 | CS13: 3 | CT13: 7 | CU13: =40%*CS13+60%*CT13 -> 5.4 | CV13: =RANK(CU13,$CU$4:$CU$40) -> 9 | CX13: 何方禹 | CY13: 18 | CZ13: 59 | DA13: =50%*CY13+50%*CZ13 -> 38.5 | DB13: =RANK(DA13,$DA$13:$DA$18) -> 1 | DH13: 李路 | DI13: 张波 | DJ13: 3个月以上 | DK13: 5 | DL13: 5 | DM13: =50%*DK13+50%*DL13 -> 5 | DN13: =RANK(DM13,$DM$4:$DM$39) -> 9 | DP13: 张鑫 | DQ13: 52 | DR13: 28 | DS13: =50%*DQ13+50%*DR13 -> 40 | DT13: =RANK(DS13,$DS$13:$DS$18) -> 1 | DW13: 张鑫 | DX13: 冯雅琪 | DY13: 3个月以上 | DZ13: 4 | EA13: 6 | EB13: =40%*DZ13+60%*EA13 -> 5.2 | EC13: =RANK(EB13,$EB$4:$EB$39) -> 10 | EE13: 何方禹 | EF13: 20 | EG13: 66 | EH13: =50%*EF13+50%*EG13 -> 43 | EI13: =RANK(EH13,$EH$13:$EH$18) -> 1 | EO13: 张鑫 | EP13: 鲁景霄 | EQ13: 3个月以上 | ER13: 6 | ES13: 4 | ET13: =50%*ER13+50%*ES13 -> 5 | EU13: =RANK(ET13,$ET$4:$ET$40) -> 10 | EW13: 张鑫 | EX13: 49 | EY13: 25 | EZ13: =50%*EX13+50%*EY13 -> 37 | FA13: =RANK(EZ13,$EZ$13:$EZ$18) -> 1 | FD13: 李路 | FE13: 王明月 | FF13: 3个月以上 | FG13: 4 | FH13: 6 | FI13: =40%*FG13+60%*FH13 -> 5.2 | FJ13: =RANK(FI13,$FI$4:$FI$40) -> 10 | FL13: 何方禹 | FM13: 20 | FN13: 63 | FO13: =50%*FM13+50%*FN13 -> 41.5 | FP13: =RANK(FO13,$FO$13:$FO$18) -> 1 | FV13: 郑家成 | FW13: 缪苏琴 | FX13: 3个月以上 | FY13: 16 | FZ13: 2 | GA13: =50%*FY13+50%*FZ13 -> 9 | GB13: =RANK(GA13,$GA$4:$GA$40) -> 8 | GD13: 张鑫 | GE13: 93 | GF13: 46 | GG13: =50%*GE13+50%*GF13 -> 69.5 | GH13: =RANK(GG13,$GG$13:$GG$18) -> 1 | GK13: 张鑫 | GL13: 冯雅琪 | GM13: 3个月以上 | GN13: 5 | GO13: 28 | GP13: =40%*GN13+60%*GO13 -> 18.8 | GQ13: =RANK(GP13,$GP$4:$GP$40) -> 10 | GS13: 何方禹 | GT13: 34 | GU13: 292 | GV13: =50%*GT13+50%*GU13 -> 163 | GW13: 1 | HC13: 李路 | HD13: 张波 | HE13: 3个月以上 | HF13: 5 | HG13: 5 | HH13: =50%*HF13+50%*HG13 -> 5 | HI13: =RANK(HH13,$HH$4:$HH$40) -> 10 | HK13: 张鑫 | HL13: 51 | HM13: 30 | HN13: =50%*HL13+50%*HM13 -> 40.5 | HO13: =RANK(HN13,$HN$13:$HN$18) -> 1 | HR13: 张鑫 | HS13: 李明晖 | HT13: 3个月以上 | HU13: 4 | HV13: 7 | HW13: =40%*HU13+60%*HV13 -> 5.8 | HX13: =RANK(HW13,$HW$4:$HW$40) -> 10 | HZ13: 何方禹 | IA13: 21 | IB13: 62 | IC13: =50%*IA13+50%*IB13 -> 41.5 | ID13: =RANK(IC13,$IC$13:$IC$18) -> 1 | IJ13: 何方禹 | IK13: 杜研 | IL13: 3个月以上 | IM13: 3 | IO13: 1 | IP13: =IN13/IM13 -> 0 | IQ13: =40%*IM13+30%*IN13+30%*IO13 -> 1.5 | IR13: =RANK(IQ13,$IQ$4:$IQ$40) -> 10 | IT13: 张鑫 | IU13: 冯雅琪 | IV13: 3个月以上 | IW13: 1 | IX13: 1 | IY13: =50%*IW13+50%*IX13 -> 1 | IZ13: =RANK(IY13,$IY$4:$IY$40) -> 10 | JB13: 张鑫 | JC13: 李明晖 | JD13: 3个月以上 | JE13: 7 | JF13: 3 | JG13: 2 | JH13: =JG13/JE13 -> 0.28571429 | JI13: =40%*JE13+30%*JF13+30%*JG13 -> 4.3 | JJ13: =RANK(JI13,$JI$4:$JI$40) -> 9 | JL13: 张鑫 | JM13: 49 | JN13: 25 | JO13: =50%*JM13+50%*JN13 -> 37 | JP13: =RANK(JO13,$JO$13:$JO$18) -> 1 | JS13: 张鑫 | JT13: 冯雅琪 | JU13: 3个月以上 | JV13: 4 | JW13: 7 | JX13: =50%*JV13+50%*JW13 -> 5.5 | JY13: =RANK(JX13,$JX$4:$JX$40) -> 9 | KA13: 何方禹 | KB13: 20 | KC13: 57 | KD13: =50%*KB13+50%*KC13 -> 38.5 | KE13: =RANK(KD13,$KD$13:$KD$18) -> 1 | KL13: 何方禹 | KM13: 张桂香 | KN13: 3个月以上 | KO13: 2 | KP13: 2 | KQ13: 1 | KR13: =KQ13/KO13 -> 0.5 | KS13: =40%*KO13+30%*KP13+30%*KQ13 -> 1.7 | KT13: =RANK(KS13,$KS$4:$KS$39) -> 9 | KV13: 张鑫 | KW13: 李明晖 | KX13: 3个月以上 | KY13: 1 | KZ13: 1 | LA13: =50%*KY13+50%*KZ13 -> 1 | LB13: =RANK(LA13,$LA$4:$LA$39) -> 8 | LD13: 孟鈃 | LE13: 罗世懿 | LF13: 3个月以上 | LG13: 2 | LH13: 2 | LJ13: =LI13/LG13 -> 0 | LK13: =40%*LG13+30%*LH13+30%*LI13 -> 1.4 | LL13: =RANK(LK13,$LK$4:$LK$39) -> 10 | LN13: 李路 | LO13: 王明月 | LP13: 3个月以上 | LQ13: 1 | LR13: 1 | LS13: =50%*LQ13+50%*LR13 -> 1 | LT13: =RANK(LS13,$LS$4:$LS$39) -> 9 | LV13: 何方禹 | LW13: 杜研 | LX13: 3个月以上 | LY13: 3 | LZ13: 1 | MA13: 1 | MB13: =MA13/LY13 -> 0.33333333 | MC13: =40%*LY13+30%*LZ13+30%*MA13 -> 1.8 | MD13: =RANK(MC13,$MC$4:$MC$39) -> 6 | MF13: 张鑫 | MG13: 李明晖 | MH13: 3个月以上 | MI13: 1 | MJ13: 1 | MK13: =50%*MI13+50%*MJ13 -> 1 | ML13: =RANK(MK13,$MK$4:$MK$39) -> 6 | MN13: 孟鈃 | MO13: 芦晓辉 | MP13: 3个月以上 | MQ13: 2 | MR13: 1 | MS13: 1 | MT13: =MS13/MQ13 -> 0.5 | MU13: =40%*MQ13+30%*MR13+30%*MS13 -> 1.4 | MV13: =RANK(MU13,$MU$4:$MU$39) -> 9 | MX13: 张鑫 | MY13: 冯雅琪 | MZ13: 3个月以上 | NA13: 1 | NB13: 1 | NC13: =50%*NA13+50%*NB13 -> 1 | ND13: =RANK(NC13,$NC$4:$NC$39) -> 10 | NF13: 张鑫 | NG13: 冯雅琪 | NH13: 3个月以上 | NI13: 7 | NJ13: 4 | NK13: 2 | NL13: =NK13/NI13 -> 0.28571429 | NM13: =40%*NI13+30%*NJ13+30%*NK13 -> 4.6 | NN13: =RANK(NM13,$NM$4:$NM$39) -> 9 | NP13: 张鑫 | NQ13: 44 | NR13: 28 | NS13: =50%*NQ13+50%*NR13 -> 36 | NT13: =RANK(NS13,$NS$13:$NS$18) -> 1 | NW13: 孟鈃 | NX13: 章智程 | NY13: 3个月以上 | NZ13: 5 | OA13: 6 | OB13: =50%*NZ13+50%*OA13 -> 5.5 | OC13: =RANK(OB13,$OB$4:$OB$39) -> 10 | OE13: 孟鈃 | OF13: 23 | OG13: 63 | OH13: =50%*OF13+50%*OG13 -> 43 | OI13: =RANK(OH13,$OH$13:$OH$18) -> 1 | OO13: 何方禹 | OP13: 杜研 | OQ13: 3个月以上 | OR13: 3 | OS13: 1 | OU13: =OT13/OR13 -> 0 | OV13: =40%*OR13+30%*OS13+30%*OT13 -> 1.5 | OW13: =RANK(OV13,$OV$4:$OV$39) -> 10 | OY13: 张鑫 | OZ13: 冯雅琪 | PA13: 3个月以上 | PB13: 1 | PC13: 1 | PD13: =50%*PB13+50%*PC13 -> 1 | PE13: =RANK(PD13,$PD$4:$PD$39) -> 9 | PG13: 何方禹 | PH13: 杜研 | PI13: 3个月以上 | PJ13: 2 | PK13: 1 | PL13: 1 | PM13: =PL13/PJ13 -> 0.5 | PN13: =40%*PJ13+30%*PK13+30%*PL13 -> 1.4 | PO13: =RANK(PN13,$PN$4:$PN$39) -> 10 | PQ13: 卜先峰 | PR13: 杨胜运 | PS13: 3个月以上 | PT13: 1 | PU13: 2 | PV13: =50%*PT13+50%*PU13 -> 1.5 | PW13: =RANK(PV13,$PV$4:$PV$39) -> 9 | PY13: 孟鈃 | PZ13: 王方方 | QA13: 3个月以上 | QB13: 2 | QC13: 2 | QD13: 1 | QE13: =QD13/QB13 -> 0.5 | QF13: =40%*QB13+30%*QC13+30%*QD13 -> 1.7 | QG13: =RANK(QF13,$QF$4:$QF$40) -> 8 | QI13: 张鑫 | QJ13: 李明晖 | QK13: 3个月以上 | QL13: 1 | QM13: 1 | QN13: =50%*QL13+50%*QM13 -> 1 | QO13: =RANK(QN13,$QN$4:$QN$40) -> 7 | QQ13: 郑家成 | QR13: 孙娟 | QS13: 3个月以上 | QT13: 2 | QU13: 1 | QV13: 1 | QW13: =QV13/QT13 -> 0.5 | QX13: =40%*QT13+30%*QU13+30%*QV13 -> 1.4 | QY13: =RANK(QX13,$QX$4:$QX$40) -> 10 | RA13: 张鑫 | RB13: 陈彩虹 | RC13: 3个月以上 | RD13: 2 | RE13: 2 | RF13: =50%*RD13+50%*RE13 -> 2 | RG13: =RANK(RF13,$RF$4:$RF$40) -> 8 | RJ13: 张鑫 | RK13: 李明晖 | RL13: 3个月以上 | RM13: 7 | RN13: 3 | RO13: 2 | RP13: 0.28571429 | RQ13: 4.3 | RR13: 10 | RT13: 张鑫 | RU13: 45 | RV13: 27 | RW13: 36 | RX13: 1 | SA13: 孟鈃 | SB13: 章智程 | SC13: 3个月以上 | SD13: 5 | SE13: 6 | SF13: 5.5 | SG13: 9 | SI13: 孟鈃 | SJ13: 23 | SK13: 78 | SL13: 50.5 | SM13: 1
A14: 罗世懿 | B14: 3个月以上 | C14: 28 | D14: =C14/20 -> 1.4 | E14: =D14/$D$11*100 -> 84.848485 | F14: 151 | G14: =F14/$F$11*100 -> 77.835052 | H14: =60%*E14+40%*G14 -> 82.043112 | M14: 何方禹 | N14: 张桂香 | O14: 3个月以上 | P14: 15 | Q14: 3 | R14: =50%*P14+50%*Q14 -> 9 | S14: =RANK(R14,$R$4:$R$39) -> 11 | U14: 何方禹 | V14: 84 | W14: 37 | X14: =50%*V14+50%*W14 -> 60.5 | Y14: =RANK(X14,$X$13:$X$18) -> 2 | AB14: 张鑫 | AC14: 李明晖 | AD14: 3个月以上 | AE14: 6 | AF14: 25 | AG14: =50%*AE14+50%*AF14 -> 15.5 | AH14: =RANK(AG14,$AG$4:$AG$39) -> 11 | AJ14: 孟鈃 | AK14: 33 | AL14: 211 | AM14: =50%*AK14+50%*AL14 -> 122 | AN14: =RANK(AM14,$AM$13:$AM$18) -> 2 | AT14: 何方禹 | AU14: 杜研 | AV14: 3个月以内 | AW14: 6 | AX14: 4 | AY14: =50%*AW14+50%*AX14 -> 5 | AZ14: =RANK(AY14,$AY$4:$AY$40) -> 10 | BB14: 何方禹 | BC14: 31 | BD14: 18 | BE14: =50%*BC14+50%*BD14 -> 24.5 | BF14: =RANK(BE14,$BE$13:$BE$18) -> 2 | BI14: 张鑫 | BJ14: 李明晖 | BK14: 3个月以上 | BL14: 3 | BM14: 3 | BN14: =40%*BL14+60%*BM14 -> 3 | BO14: =RANK(BN14,$BN$4:$BN$40) -> 9 | BQ14: 孟鈃 | BR14: 13 | BS14: 24 | BT14: =50%*BR14+50%*BS14 -> 18.5 | BU14: =RANK(BT14,$BT$13:$BT$18) -> 2 | CA14: 何方禹 | CB14: 黄义杰 | CC14: 3个月以上 | CD14: 7 | CE14: 4 | CF14: =50%*CD14+50%*CE14 -> 5.5 | CG14: =RANK(CF14,$CF$4:$CF$40) -> 8 | CI14: 李路 | CJ14: 45 | CK14: 26 | CL14: =50%*CJ14+50%*CK14 -> 35.5 | CM14: =RANK(CL14,$CL$13:$CL$18) -> 2 | CP14: 孟鈃 | CQ14: 芦晓辉 | CR14: 3个月以上 | CS14: 3 | CT14: 7 | CU14: =40%*CS14+60%*CT14 -> 5.4 | CV14: =RANK(CU14,$CU$4:$CU$40) -> 9 | CX14: 孟鈃 | CY14: 19 | CZ14: 57 | DA14: =50%*CY14+50%*CZ14 -> 38 | DB14: =RANK(DA14,$DA$13:$DA$18) -> 2 | DH14: 何方禹 | DI14: 黄义杰 | DJ14: 3个月以上 | DK14: 6 | DL14: 3 | DM14: =50%*DK14+50%*DL14 -> 4.5 | DN14: =RANK(DM14,$DM$4:$DM$39) -> 11 | DP14: 何方禹 | DQ14: 45 | DR14: 20 | DS14: =50%*DQ14+50%*DR14 -> 32.5 | DT14: =RANK(DS14,$DS$13:$DS$18) -> 2 | DW14: 李路 | DX14: 张波 | DY14: 3个月以上 | DZ14: 5 | EA14: 5 | EB14: =40%*DZ14+60%*EA14 -> 5 | EC14: =RANK(EB14,$EB$4:$EB$39) -> 11 | EE14: 孟鈃 | EF14: 22 | EG14: 51 | EH14: =50%*EF14+50%*EG14 -> 36.5 | EI14: =RANK(EH14,$EH$13:$EH$18) -> 2 | EO14: 孟鈃 | EP14: 王方方 | EQ14: 3个月以上 | ER14: 6 | ES14: 3 | ET14: =50%*ER14+50%*ES14 -> 4.5 | EU14: =RANK(ET14,$ET$4:$ET$40) -> 11 | EW14: 何方禹 | EX14: 46 | EY14: 20 | EZ14: =50%*EX14+50%*EY14 -> 33 | FA14: =RANK(EZ14,$EZ$13:$EZ$18) -> 2 | FD14: 孟鈃 | FE14: 李雪茹 | FG14: 2 | FH14: 7 | FI14: =40%*FG14+60%*FH14 -> 5 | FJ14: =RANK(FI14,$FI$4:$FI$40) -> 11 | FL14: 孟鈃 | FM14: 18 | FN14: 58 | FO14: =50%*FM14+50%*FN14 -> 38 | FP14: =RANK(FO14,$FO$13:$FO$18) -> 2 | FV14: 孟鈃 | FW14: 章智程 | FX14: 3个月以上 | FY14: 11 | FZ14: 7 | GA14: =50%*FY14+50%*FZ14 -> 9 | GB14: =RANK(GA14,$GA$4:$GA$40) -> 8 | GD14: 何方禹 | GE14: 79 | GF14: 34 | GG14: =50%*GE14+50%*GF14 -> 56.5 | GH14: =RANK(GG14,$GG$13:$GG$18) -> 2 | GK14: 李路 | GL14: 王明月 | GM14: 3个月以上 | GN14: 9 | GO14: 25 | GP14: =40%*GN14+60%*GO14 -> 18.6 | GQ14: =RANK(GP14,$GP$4:$GP$40) -> 11 | GS14: 孟鈃 | GT14: 34 | GU14: 257 | GV14: =50%*GT14+50%*GU14 -> 145.5 | GW14: 2 | HC14: 郑家成 | HD14: 缪苏琴 | HE14: 3个月以上 | HF14: 9 | HG14: 1 | HH14: =50%*HF14+50%*HG14 -> 5 | HI14: =RANK(HH14,$HH$4:$HH$40) -> 10 | HK14: 何方禹 | HL14: 45 | HM14: 21 | HN14: =50%*HL14+50%*HM14 -> 33 | HO14: =RANK(HN14,$HN$13:$HN$18) -> 2 | HR14: 李路 | HS14: 张波 | HT14: 3个月以上 | HU14: 5 | HV14: 5 | HW14: =40%*HU14+60%*HV14 -> 5 | HX14: =RANK(HW14,$HW$4:$HW$40) -> 11 | HZ14: 孟鈃 | IA14: 20 | IB14: 49 | IC14: =50%*IA14+50%*IB14 -> 34.5 | ID14: =RANK(IC14,$IC$13:$IC$18) -> 2 | IJ14: 何方禹 | IK14: 周丽丽 | IL14: 3个月以上 | IM14: 2 | IN14: 1 | IO14: 1 | IP14: =IN14/IM14 -> 0.5 | IQ14: =40%*IM14+30%*IN14+30%*IO14 -> 1.4 | IR14: =RANK(IQ14,$IQ$4:$IQ$40) -> 11 | IT14: 李路 | IU14: 王明月 | IV14: 3个月以上 | IW14: 1 | IX14: 1 | IY14: =50%*IW14+50%*IX14 -> 1 | IZ14: =RANK(IY14,$IY$4:$IY$40) -> 10 | JB14: 孟鈃 | JC14: 王方方 | JD14: 3个月以上 | JE14: 7 | JF14: 3 | JG14: 2 | JH14: =JG14/JE14 -> 0.28571429 | JI14: =40%*JE14+30%*JF14+30%*JG14 -> 4.3 | JJ14: =RANK(JI14,$JI$4:$JI$40) -> 9 | JL14: 何方禹 | JM14: 47 | JN14: 20 | JO14: =50%*JM14+50%*JN14 -> 33.5 | JP14: =RANK(JO14,$JO$13:$JO$18) -> 2 | JS14: 何方禹 | JT14: 杜研 | JU14: 3个月以上 | JV14: 4 | JW14: 6 | JX14: =50%*JV14+50%*JW14 -> 5 | JY14: =RANK(JX14,$JX$4:$JX$40) -> 11 | KA14: 孟鈃 | KB14: 19 | KC14: 56 | KD14: =50%*KB14+50%*KC14 -> 37.5 | KE14: =RANK(KD14,$KD$13:$KD$18) -> 2 | KL14: 李路 | KM14: 王明月 | KN14: 3个月以上 | KO14: 3 | KP14: 1 | KR14: =KQ14/KO14 -> 0 | KS14: =40%*KO14+30%*KP14+30%*KQ14 -> 1.5 | KT14: =RANK(KS14,$KS$4:$KS$39) -> 11 | KV14: 张鑫 | KW14: 陈彩虹 | KX14: 3个月以上 | KY14: 1 | KZ14: 1 | LA14: =50%*KY14+50%*KZ14 -> 1 | LB14: =RANK(LA14,$LA$4:$LA$39) -> 8 | LD14: 郑家成 | LE14: 高佳怡 | LF14: 3个月以上 | LG14: 3 | LJ14: =LI14/LG14 -> 0 | LK14: =40%*LG14+30%*LH14+30%*LI14 -> 1.2 | LL14: =RANK(LK14,$LK$4:$LK$39) -> 11 | LN14: 张鑫 | LO14: 李明晖 | LP14: 3个月以上 | LQ14: 1 | LR14: 1 | LS14: =50%*LQ14+50%*LR14 -> 1 | LT14: =RANK(LS14,$LS$4:$LS$39) -> 9 | LV14: 孟鈃 | LW14: 王方方 | LX14: 3个月以上 | LY14: 3 | LZ14: 1 | MA14: 1 | MB14: =MA14/LY14 -> 0.33333333 | MC14: =40%*LY14+30%*LZ14+30%*MA14 -> 1.8 | MD14: =RANK(MC14,$MC$4:$MC$39) -> 6 | MF14: 何方禹 | MG14: 杜研 | MH14: 3个月以上 | MI14: 1 | MJ14: 1 | MK14: =50%*MI14+50%*MJ14 -> 1 | ML14: =RANK(MK14,$MK$4:$MK$39) -> 6 | MN14: 郑家成 | MO14: 高佳怡 | MP14: 3个月以上 | MQ14: 2 | MR14: 1 | MS14: 1 | MT14: =MS14/MQ14 -> 0.5 | MU14: =40%*MQ14+30%*MR14+30%*MS14 -> 1.4 | MV14: =RANK(MU14,$MU$4:$MU$39) -> 9 | MX14: 郑家成 | MY14: 孙娟 | MZ14: 3个月以上 | NA14: 1 | NB14: 1 | NC14: =50%*NA14+50%*NB14 -> 1 | ND14: =RANK(NC14,$NC$4:$NC$39) -> 10 | NF14: 郑家成 | NG14: 孙娟 | NH14: 3个月以上 | NI14: 7 | NJ14: 1 | NK14: 5 | NL14: =NK14/NI14 -> 0.71428571 | NM14: =40%*NI14+30%*NJ14+30%*NK14 -> 4.6 | NN14: =RANK(NM14,$NM$4:$NM$39) -> 9 | NP14: 孟鈃 | NQ14: 44 | NR14: 23 | NS14: =50%*NQ14+50%*NR14 -> 33.5 | NT14: =RANK(NS14,$NS$13:$NS$18) -> 2 | NW14: 张鑫 | NX14: 冯雅琪 | NY14: 3个月以上 | NZ14: 4 | OA14: 7 | OB14: =50%*NZ14+50%*OA14 -> 5.5 | OC14: =RANK(OB14,$OB$4:$OB$39) -> 10 | OE14: 何方禹 | OF14: 19 | OG14: 49 | OH14: =50%*OF14+50%*OG14 -> 34 | OI14: =RANK(OH14,$OH$13:$OH$18) -> 2 | OO14: 何方禹 | OP14: 王可可 | OQ14: 3个月以内 | OR14: 3 | OT14: 1 | OU14: =OT14/OR14 -> 0.33333333 | OV14: =40%*OR14+30%*OS14+30%*OT14 -> 1.5 | OW14: =RANK(OV14,$OV$4:$OV$39) -> 10 | OY14: 张鑫 | OZ14: 李明晖 | PA14: 3个月以上 | PB14: 1 | PC14: 1 | PD14: =50%*PB14+50%*PC14 -> 1 | PE14: =RANK(PD14,$PD$4:$PD$39) -> 9 | PG14: 张鑫 | PH14: 鲁景霄 | PI14: 3个月以上 | PJ14: 2 | PK14: 1 | PL14: 1 | PM14: =PL14/PJ14 -> 0.5 | PN14: =40%*PJ14+30%*PK14+30%*PL14 -> 1.4 | PO14: =RANK(PN14,$PN$4:$PN$39) -> 10 | PQ14: 何方禹 | PR14: 黄义杰 | PS14: 3个月以上 | PT14: 1 | PU14: 2 | PV14: =50%*PT14+50%*PU14 -> 1.5 | PW14: =RANK(PV14,$PV$4:$PV$39) -> 9 | PY14: 何方禹 | PZ14: 杜研 | QA14: 3个月以上 | QB14: 3 | QC14: 1 | QE14: =QD14/QB14 -> 0 | QF14: =40%*QB14+30%*QC14+30%*QD14 -> 1.5 | QG14: =RANK(QF14,$QF$4:$QF$40) -> 11 | QI14: 张鑫 | QJ14: 陈彩虹 | QK14: 3个月以上 | QL14: 1 | QM14: 1 | QN14: =50%*QL14+50%*QM14 -> 1 | QO14: =RANK(QN14,$QN$4:$QN$40) -> 7 | QQ14: 郑家成 | QR14: 高佳怡 | QS14: 3个月以上 | QT14: 2 | QU14: 1 | QV14: 1 | QW14: =QV14/QT14 -> 0.5 | QX14: =40%*QT14+30%*QU14+30%*QV14 -> 1.4 | QY14: =RANK(QX14,$QX$4:$QX$40) -> 10 | RA14: 孟鈃 | RB14: 王方方 | RC14: 3个月以上 | RD14: 1 | RE14: 3 | RF14: =50%*RD14+50%*RE14 -> 2 | RG14: =RANK(RF14,$RF$4:$RF$40) -> 8 | RJ14: 李路 | RK14: 公茂伟 | RL14: 3个月以上 | RM14: 7 | RN14: 5 | RO14: 0 | RP14: 0 | RQ14: 4.3 | RR14: 10 | RT14: 李路 | RU14: 41 | RV14: 20 | RW14: 30.5 | RX14: 2 | SA14: 张鑫 | SB14: 冯雅琪 | SC14: 3个月以上 | SD14: 4 | SE14: 6 | SF14: 5 | SG14: 11 | SI14: 何方禹 | SJ14: 16 | SK14: 61 | SL14: 38.5 | SM14: 2
